Hours Studied,Previous Scores,Sleep Hours,Sample Question Papers Practiced,Extracurricular_Activities
5,49,7,5,0
2,48,7,6,1
2,81,7,2,0
2,46,6,1,0
8,47,9,0,0
3,56,4,4,0
3,51,4,1,1
9,93,5,2,1
4,61,6,5,1
4,96,8,0,1
9,71,4,6,0
5,49,6,5,0
4,61,8,9,1
6,82,5,8,0
2,97,5,8,0
2,47,9,3,1
1,84,8,4,1
4,65,8,7,1
8,40,4,0,0
9,69,9,9,0
9,40,6,5,0
5,52,6,5,1
6,44,8,0,1
4,48,7,0,0
3,40,8,8,0
5,81,5,9,1
2,61,6,6,1
9,50,6,2,1
6,92,6,1,1
4,64,7,0,0
4,68,5,3,1
1,84,5,6,0
1,99,7,3,0
6,69,6,5,1
2,57,6,3,0
4,48,4,4,0
9,65,7,4,0
5,61,6,7,0
5,82,9,5,0
7,95,6,3,1
8,69,9,6,0
9,82,8,4,0
6,61,5,1,1
1,47,9,3,1
6,43,7,1,0
6,59,4,8,1
3,82,9,2,0
1,87,9,4,1
6,53,5,6,0
2,84,6,8,0
3,87,4,4,1
2,50,8,7,1
6,46,4,2,0
8,47,5,9,1
6,50,5,3,0
2,59,6,5,1
2,60,7,9,0
4,40,6,5,1
4,72,5,3,1
1,45,7,1,1
3,78,5,6,0
8,76,8,9,1
1,57,8,0,1
3,41,4,1,1
1,93,7,3,0
9,54,9,8,0
8,85,5,1,0
7,61,6,8,1
2,50,9,5,1
2,68,5,9,0
9,60,9,1,0
8,67,4,1,0
6,47,4,9,0
9,74,5,5,0
3,41,5,5,1
7,63,4,6,0
5,40,4,8,1
4,98,8,5,0
6,44,9,0,0
1,43,7,0,1
3,61,7,3,1
1,75,8,8,0
9,93,8,6,0
6,55,6,0,0
4,53,9,8,0
6,89,8,0,0
4,65,5,9,0
3,97,7,5,0
3,57,7,8,1
8,45,5,6,0
5,51,6,4,1
9,88,5,4,1
3,67,9,5,1
6,94,7,3,1
2,67,7,8,0
2,58,9,2,0
4,56,4,7,1
7,48,9,9,1
8,73,4,1,0
9,87,8,7,0
2,57,6,7,0
1,92,4,6,0
5,85,8,5,0
2,68,6,4,0
7,47,4,4,0
8,41,8,1,1
3,58,6,1,1
1,66,8,2,0
8,44,9,4,1
9,87,4,5,1
9,98,5,9,0
4,41,5,7,1
4,56,8,3,1
4,46,7,0,1
7,85,9,3,0
9,52,5,0,1
9,75,6,7,1
2,45,4,5,1
7,85,8,5,0
4,99,8,4,0
3,73,6,3,1
2,85,4,7,1
4,93,7,9,0
7,53,6,6,0
5,67,9,9,0
7,40,6,1,0
6,46,6,2,0
3,83,6,4,1
6,86,9,5,0
1,46,6,4,1
9,73,7,8,0
2,79,5,3,1
1,49,9,4,1
4,41,7,0,0
7,79,4,2,1
4,61,9,3,0
5,84,4,7,1
1,90,9,9,0
4,70,9,1,1
8,68,8,7,0
4,84,4,6,0
5,44,6,4,0
1,83,6,9,1
2,73,7,1,0
8,46,7,1,0
4,46,8,5,0
8,45,6,4,1
4,97,5,7,0
1,47,5,5,0
6,58,6,8,1
4,72,8,2,0
8,83,6,6,1
8,97,9,6,0
2,85,5,0,0
5,42,4,0,0
8,85,7,2,0
7,81,4,7,1
8,70,5,5,0
6,81,5,3,1
8,95,6,2,1
7,97,5,9,1
9,78,8,8,0
5,93,8,6,1
9,40,9,3,0
8,92,7,8,1
4,69,7,0,0
3,66,9,7,0
8,86,7,4,1
3,65,9,9,1
2,76,6,1,0
9,67,9,4,1
6,41,5,1,0
9,40,4,4,1
5,52,8,0,1
3,84,8,3,0
6,49,7,5,1
9,79,7,3,1
1,50,4,9,0
6,73,8,7,0
8,52,9,0,0
5,87,9,5,1
1,48,6,7,1
9,44,4,0,0
2,87,9,5,0
1,64,9,9,1
9,94,7,5,1
5,94,5,6,0
5,92,5,4,1
4,50,9,3,1
8,80,8,7,0
4,48,7,8,1
7,87,7,8,0
3,44,9,5,1
4,84,9,2,1
1,70,8,9,1
2,67,7,9,1
5,99,4,7,0
6,42,9,5,0
5,59,9,0,1
9,74,8,5,0
4,61,8,5,0
9,54,6,7,1
4,97,4,1,0
1,95,6,0,1
3,52,4,3,0
1,51,8,7,1
1,72,6,4,0
8,57,6,6,0
8,95,9,5,1
9,42,6,3,1
1,67,8,0,0
4,72,6,5,0
9,41,8,5,0
4,72,7,0,1
6,55,4,4,1
1,58,8,4,1
4,60,8,1,0
7,54,6,4,1
1,75,9,5,1
5,68,4,8,1
8,55,6,3,0
6,77,4,2,1
4,82,9,8,0
4,87,7,3,0
3,92,8,0,0
9,83,6,9,1
3,73,9,6,1
4,86,8,4,0
9,56,5,7,1
9,63,5,9,1
8,52,8,8,0
4,88,7,6,1
9,79,7,7,0
9,58,5,2,1
1,51,7,3,0
6,46,6,2,0
3,76,4,3,1
8,96,4,1,1
9,77,8,4,1
4,73,8,6,0
5,70,8,2,1
6,66,4,9,1
6,47,9,8,0
3,81,4,8,1
8,56,6,7,1
9,46,4,4,0
7,62,8,8,0
7,84,7,3,1
9,72,8,0,1
4,89,5,2,1
9,78,4,8,0
4,79,7,6,0
6,68,7,6,1
7,43,9,2,1
9,87,8,8,1
7,91,4,9,1
9,46,7,9,1
3,71,6,6,0
3,96,9,2,0
4,74,5,5,1
4,86,4,2,0
7,44,9,9,0
7,81,4,5,1
7,70,9,6,0
1,75,8,4,0
6,85,4,0,0
8,55,6,1,0
9,41,6,8,1
1,85,6,3,1
5,71,4,7,0
7,47,5,3,0
8,72,7,2,1
2,71,4,7,1
9,58,6,5,0
5,94,4,5,1
6,45,8,3,1
7,56,9,8,0
1,86,5,4,1
4,64,8,4,1
6,78,5,6,1
3,41,5,6,1
2,65,9,4,1
2,88,5,2,0
6,48,4,0,1
6,57,7,3,1
7,41,7,3,1
7,43,8,0,0
1,49,7,2,0
6,64,7,1,0
5,75,8,1,1
9,70,6,5,0
7,76,6,8,1
1,99,9,3,1
8,54,5,3,0
8,45,4,7,1
9,76,5,9,0
7,57,6,2,1
5,92,7,2,0
1,71,8,9,0
5,62,6,1,1
6,98,8,6,1
8,48,7,7,0
8,93,7,2,0
2,44,6,4,1
9,49,8,9,0
7,98,7,9,0
9,44,5,1,0
9,80,7,3,0
3,63,8,6,1
9,80,7,8,0
5,54,8,5,1
9,45,8,8,1
2,41,8,2,0
6,75,4,0,1
7,73,8,7,1
7,40,7,1,1
5,58,9,0,0
7,42,8,9,1
9,47,7,2,1
1,96,7,1,0
6,52,9,9,1
4,89,4,8,0
3,47,4,7,1
7,47,8,7,0
3,85,4,3,1
2,60,8,7,1
5,89,8,2,1
4,77,4,9,0
5,43,7,0,1
5,69,9,3,1
4,94,4,2,1
9,92,7,6,0
5,43,6,8,1
4,56,6,9,0
1,87,7,8,1
2,88,4,3,0
6,64,4,9,0
1,44,8,3,1
6,94,4,9,0
3,60,8,8,1
8,99,4,3,1
4,82,8,4,1
7,69,7,0,0
6,75,4,2,0
1,88,7,4,1
5,54,5,3,0
6,75,6,5,0
1,51,5,9,1
1,60,7,4,1
8,60,5,9,0
5,48,5,5,1
6,82,9,8,1
8,65,5,3,0
6,42,9,5,0
1,99,7,3,0
6,67,5,4,0
4,99,8,5,1
8,78,5,5,1
6,90,7,9,0
8,53,9,8,1
3,96,4,6,0
5,45,5,6,0
8,40,8,6,0
1,67,8,7,1
1,50,4,6,0
9,75,4,7,1
2,90,6,0,0
5,98,4,6,1
6,74,4,2,1
6,84,7,7,1
6,62,5,3,1
9,47,8,8,0
2,84,4,1,0
8,92,8,8,1
8,69,7,1,0
5,83,5,0,0
4,73,8,0,1
7,60,8,8,0
4,81,7,5,0
3,43,6,2,0
8,92,4,5,1
8,42,9,8,1
5,74,6,5,1
8,49,9,8,1
4,64,9,8,1
2,73,8,2,1
2,97,6,7,0
4,85,7,5,0
4,86,6,1,0
2,46,9,9,1
1,94,5,1,0
4,70,4,3,1
6,95,8,4,1
5,86,4,7,1
8,75,6,1,1
8,75,6,6,0
8,97,9,7,0
3,68,9,6,1
5,41,7,2,0
2,80,8,6,0
7,59,9,1,0
3,79,9,5,1
3,79,8,9,1
1,64,7,2,0
5,46,7,2,1
6,84,7,7,1
5,72,5,7,0
5,53,7,3,1
7,48,7,7,0
5,56,8,5,0
2,87,6,7,1
6,61,7,4,0
9,73,6,9,0
8,87,5,3,0
1,55,7,8,1
6,57,9,1,1
4,47,4,6,0
7,79,4,7,0
2,92,5,3,1
1,90,5,0,1
6,60,6,2,1
7,74,5,7,1
9,87,9,9,1
1,59,6,4,0
3,82,5,9,1
4,44,8,9,1
1,60,7,0,0
6,72,6,5,1
6,54,8,1,1
9,58,5,2,1
5,78,9,2,1
3,62,7,0,0
2,68,5,4,1
3,71,9,0,0
2,40,4,8,1
3,80,4,9,0
7,67,4,1,1
6,88,6,7,1
5,58,7,2,1
7,78,8,5,0
5,54,8,8,0
8,57,6,0,1
3,72,4,8,0
4,50,5,7,0
6,70,5,2,1
1,48,6,8,0
3,41,8,9,1
7,69,8,5,0
6,66,4,4,1
5,41,6,7,1
7,69,8,1,0
8,58,8,1,0
6,65,4,1,1
7,79,8,8,0
7,77,5,3,0
3,75,9,4,1
1,85,9,1,1
8,45,7,3,0
8,76,7,2,0
5,88,5,2,0
4,55,7,8,1
2,65,5,1,0
5,76,8,8,0
5,94,7,2,0
4,92,4,0,1
6,89,9,8,0
1,99,8,1,0
7,95,9,6,0
8,89,4,6,1
1,66,4,2,1
9,63,4,8,0
3,45,5,2,0
9,67,4,5,0
5,40,7,8,1
5,54,5,1,1
1,58,5,2,0
9,71,7,1,0
3,83,6,3,1
1,92,6,8,1
3,73,8,0,0
2,66,4,2,0
1,75,8,4,1
3,68,8,9,1
3,67,5,9,1
2,88,8,8,0
6,55,7,2,1
3,69,6,2,0
3,67,9,9,1
1,92,4,9,1
1,79,7,7,1
2,57,6,0,0
5,70,5,6,0
9,89,7,2,0
1,42,9,1,0
5,53,4,4,0
6,94,6,4,0
2,56,6,2,0
5,81,8,8,0
4,72,5,3,0
8,62,4,2,1
5,49,5,5,0
7,88,4,9,1
3,94,7,1,1
9,54,5,9,1
4,56,8,6,1
3,72,8,6,1
7,55,7,5,1
7,57,9,9,1
6,52,4,4,0
3,67,9,8,0
2,71,8,8,0
4,88,5,4,1
1,78,4,6,0
7,77,7,1,0
5,47,8,3,1
1,40,4,8,0
7,78,6,2,0
8,56,9,3,0
5,52,5,6,0
6,78,6,5,1
4,76,7,2,0
6,92,9,2,0
1,85,5,5,0
5,71,5,5,0
1,59,9,6,0
1,70,6,5,0
1,87,9,3,0
1,82,8,3,1
5,81,5,7,1
8,53,7,5,0
7,93,5,7,1
6,68,4,5,1
4,97,8,7,1
4,90,8,3,0
2,83,6,0,1
8,90,7,3,1
9,67,7,9,0
9,99,4,1,0
3,50,7,0,0
3,80,9,6,1
5,60,8,5,1
5,53,7,7,1
4,79,6,6,0
8,54,9,5,1
9,81,4,2,0
2,59,7,6,1
8,82,7,3,0
4,52,4,1,0
3,82,4,8,1
2,85,8,5,1
5,43,7,6,0
9,54,5,7,1
1,86,4,6,0
5,98,6,3,1
9,78,8,3,1
7,43,7,2,1
3,71,7,4,1
3,93,6,2,1
6,73,5,6,1
9,44,7,3,1
5,68,4,5,1
4,73,7,8,1
9,95,5,2,1
5,50,5,5,0
5,47,5,8,1
5,76,4,9,1
2,81,4,7,0
7,60,5,5,1
1,97,5,4,0
5,94,4,0,1
2,52,5,5,0
1,97,9,8,0
3,63,9,9,1
1,65,4,9,0
3,51,7,6,0
1,87,6,1,0
2,42,7,3,0
7,47,8,5,1
9,44,8,9,1
2,43,6,8,1
9,83,4,8,1
8,69,4,5,1
4,49,8,4,0
5,83,6,8,1
6,74,5,4,0
9,90,4,9,1
3,70,9,6,0
3,98,8,1,0
9,47,9,8,1
7,97,4,4,0
8,57,6,7,0
2,65,5,4,1
8,95,9,6,1
8,81,9,6,0
4,78,8,6,0
6,75,9,2,0
5,69,9,9,0
6,45,8,8,0
1,40,9,7,0
4,80,5,5,0
5,97,6,3,0
1,87,8,6,1
9,78,6,7,1
6,97,9,1,0
1,80,6,3,0
4,73,4,3,1
7,41,4,9,0
9,70,5,9,0
4,51,5,9,0
4,48,9,2,1
2,58,9,7,0
7,77,7,4,1
2,44,8,8,0
1,91,6,3,1
1,79,4,3,1
8,89,8,7,0
8,95,9,9,0
3,75,4,2,0
8,87,5,6,1
3,69,4,5,1
2,68,4,7,1
4,72,5,7,0
2,61,9,0,0
3,82,5,8,0
9,49,6,4,0
3,63,6,9,0
6,88,6,2,1
7,52,6,5,0
4,63,8,5,1
8,47,5,8,0
1,67,5,0,0
6,76,4,3,1
1,44,9,9,0
6,83,8,8,1
3,42,4,7,1
2,59,9,4,1
2,80,9,1,1
4,62,8,2,1
3,79,9,3,0
1,90,7,7,0
4,66,7,9,1
7,56,8,7,1
5,95,5,7,1
9,61,9,2,0
9,86,8,3,1
2,81,7,5,1
9,56,6,3,0
4,41,7,3,1
1,64,4,4,0
5,47,8,7,1
7,66,9,8,1
8,87,5,5,0
9,72,9,5,0
1,84,8,1,0
9,93,5,3,0
4,68,4,1,0
6,75,6,6,1
7,90,8,2,0
6,82,7,2,1
9,42,9,3,1
8,75,8,3,0
3,65,5,0,0
6,60,7,5,1
8,55,7,9,1
6,68,8,1,0
7,70,7,9,1
3,83,5,3,1
3,87,7,1,1
1,92,4,6,1
4,81,7,8,0
9,72,6,4,1
2,97,6,1,1
6,75,4,3,1
4,67,6,5,1
7,57,9,6,1
4,47,9,6,1
8,86,6,0,1
8,93,6,9,1
9,58,5,2,1
7,93,6,0,0
1,62,8,6,1
9,74,4,5,1
9,98,4,9,1
9,85,9,6,1
1,47,5,0,1
6,77,4,7,0
8,84,9,6,1
6,93,5,5,1
8,80,8,1,1
3,56,7,6,0
2,84,5,2,0
7,93,9,0,0
4,56,5,0,1
1,42,8,9,1
5,98,4,7,1
5,95,9,4,1
7,83,9,8,1
9,94,9,1,0
5,40,6,8,0
2,81,4,3,1
2,91,8,0,1
5,54,4,3,1
3,88,7,7,1
8,52,6,3,1
6,80,6,9,1
2,42,9,4,1
5,97,8,1,0
9,61,9,9,1
6,77,9,3,0
8,79,7,4,1
3,95,7,1,0
2,82,7,9,1
6,89,8,0,0
9,76,8,1,1
2,63,6,0,1
4,42,6,8,1
8,88,5,6,1
2,96,7,5,0
4,40,5,1,0
5,78,8,3,1
2,99,6,3,1
3,56,4,5,1
8,63,5,8,0
5,68,4,0,0
8,72,6,8,1
4,75,9,9,0
1,71,8,1,0
3,91,6,7,1
9,97,8,5,1
7,57,9,8,0
2,86,8,6,0
5,89,4,0,1
3,89,8,7,0
1,40,5,9,0
8,72,8,7,1
3,62,6,2,0
1,69,9,8,1
4,92,4,7,1
7,72,4,2,1
8,53,9,0,1
2,66,6,7,1
6,62,5,9,0
2,54,9,9,1
2,58,8,4,1
7,49,6,9,1
9,43,6,8,1
5,43,4,8,0
5,87,6,7,1
4,49,8,8,1
9,41,8,5,1
8,45,7,1,1
7,40,8,2,1
5,69,7,2,1
4,72,7,1,1
7,50,8,3,1
2,48,7,7,0
9,55,4,2,1
2,53,5,2,0
3,88,9,1,0
1,91,6,2,0
5,51,7,1,1
3,66,7,3,1
9,62,9,1,0
7,74,9,1,0
8,40,8,3,0
7,72,9,4,1
3,53,5,2,1
4,53,9,1,1
5,79,4,1,1
1,52,9,7,1
5,54,5,5,1
6,76,6,7,1
1,73,5,8,1
7,65,9,7,0
5,66,4,1,0
8,48,9,6,0
6,47,6,4,1
1,60,4,2,0
4,69,7,6,1
3,83,7,5,1
9,46,8,5,0
5,62,4,7,1
6,90,9,8,1
5,99,6,0,1
8,45,6,4,0
6,68,4,0,0
3,48,5,3,1
8,65,4,8,1
4,90,8,4,1
2,89,4,4,0
5,70,8,6,0
5,80,9,2,0
1,46,5,5,1
3,83,7,5,1
9,56,8,3,1
4,78,7,3,1
9,97,9,1,1
1,83,7,2,1
6,86,7,2,0
7,83,5,6,1
3,55,9,6,1
8,85,6,0,0
6,88,4,6,0
6,97,7,9,0
6,52,9,2,0
5,54,8,7,0
6,66,4,8,1
6,43,4,0,1
2,76,8,6,1
8,64,7,4,1
8,92,6,7,0
6,92,4,9,0
5,73,6,0,1
5,83,8,3,1
6,44,6,8,1
9,81,9,8,0
8,94,6,1,0
3,83,9,6,0
9,77,9,9,0
8,83,7,4,0
3,54,7,5,1
3,66,8,3,0
8,52,4,3,0
2,57,7,1,1
7,86,8,6,1
7,90,7,5,1
4,43,6,3,1
8,86,8,4,1
8,72,7,2,0
8,95,4,6,1
4,96,7,7,1
5,89,6,9,1
8,84,5,6,0
2,49,6,6,0
7,87,9,7,1
4,80,7,8,0
8,93,5,7,1
6,83,4,7,1
6,90,6,8,1
9,49,7,1,1
5,74,4,9,1
8,68,9,5,0
6,52,6,4,0
7,93,4,6,1
1,51,8,9,0
6,49,7,9,1
8,61,5,9,1
2,63,9,4,0
5,66,4,7,1
3,91,8,2,1
5,90,4,4,1
8,41,9,1,0
2,47,7,1,1
8,67,5,9,1
3,77,9,6,1
7,74,6,7,1
8,85,5,7,1
3,65,4,2,1
5,75,4,0,1
8,97,6,0,0
4,57,4,1,1
9,65,7,6,1
7,69,7,2,1
4,49,7,0,1
5,72,6,1,0
1,75,4,5,1
7,85,8,8,0
2,78,9,1,0
4,50,9,8,1
5,90,8,9,0
4,76,4,1,0
6,58,4,2,1
1,45,7,4,0
2,81,6,1,0
2,42,9,2,0
4,58,7,6,0
8,77,6,9,0
4,76,9,1,0
3,63,6,3,0
9,56,7,3,1
2,79,6,3,0
6,55,4,9,1
9,60,8,1,1
3,78,6,2,0
1,95,8,4,0
3,88,5,3,0
5,92,5,8,0
8,84,8,1,0
4,41,8,2,1
4,87,4,3,0
9,69,6,3,1
2,44,4,1,0
6,47,6,8,1
5,53,6,3,1
4,71,9,5,1
1,64,6,3,1
6,96,9,1,1
6,74,7,0,0
9,88,7,1,0
7,53,5,1,1
1,97,8,7,1
5,84,9,8,1
2,58,7,7,1
9,47,5,6,0
8,85,7,6,1
8,87,8,4,1
2,51,4,0,0
7,50,6,9,0
3,84,4,6,0
1,48,5,2,1
1,85,7,8,0
3,63,5,2,0
3,46,6,4,0
3,80,8,7,0
2,54,9,5,1
8,88,4,4,0
1,45,4,5,1
6,49,5,1,1
7,96,9,1,1
1,79,6,1,0
9,48,6,0,1
2,83,9,7,1
3,61,8,1,1
1,51,4,4,0
4,43,8,6,0
5,95,7,8,0
9,64,8,2,1
4,77,5,4,0
6,93,5,5,0
7,81,8,0,0
8,48,7,1,1
5,51,9,4,0
3,82,8,3,0
6,46,4,5,1
8,74,6,5,1
8,44,7,8,0
1,82,4,4,1
2,57,5,8,0
5,91,4,4,0
2,60,6,8,1
1,98,6,6,0
6,53,7,1,1
8,50,9,2,0
8,98,8,3,1
1,49,7,3,1
2,64,9,0,0
4,43,6,1,0
2,40,9,2,0
1,64,8,5,0
1,86,9,0,0
3,86,9,2,0
3,53,7,2,0
7,83,9,9,1
2,54,5,4,1
3,97,6,5,1
3,43,6,1,1
5,84,6,5,0
1,83,6,6,1
1,99,7,5,1
7,93,9,3,0
5,71,4,4,0
3,53,9,3,0
2,53,6,5,0
4,75,5,9,0
3,45,7,7,1
9,57,4,8,1
8,76,4,6,1
2,91,8,5,1
7,88,9,4,1
3,65,6,6,1
8,52,6,0,0
1,57,4,9,1
1,94,6,9,1
4,49,8,9,1
3,41,4,1,1
5,57,9,1,1
6,70,6,6,0
4,96,7,9,1
2,74,5,1,1
2,89,7,7,0
6,82,5,4,0
4,64,9,3,1
8,72,4,8,1
7,65,5,7,0
6,48,4,1,1
1,76,7,3,1
1,83,7,4,0
3,61,6,6,0
7,78,8,5,0
1,87,8,8,1
5,96,7,5,0
8,99,9,3,0
7,58,9,5,0
1,82,9,7,0
3,98,6,5,0
6,42,9,5,1
2,60,7,7,0
5,48,6,4,1
3,86,9,5,1
6,43,6,4,1
4,99,6,1,1
6,90,9,3,1
8,57,6,1,0
6,92,8,7,1
6,64,8,4,1
5,60,6,6,1
1,90,5,6,0
3,80,7,3,0
3,55,5,8,1
5,54,6,6,1
8,76,8,4,0
7,73,5,4,0
2,72,4,1,1
6,60,9,8,0
2,65,6,2,1
2,44,9,8,1
1,94,5,1,1
3,99,6,8,1
5,57,9,1,0
4,93,5,2,1
3,86,5,3,1
9,80,6,1,1
3,74,6,6,0
8,70,8,5,0
5,49,5,0,1
7,41,4,7,0
2,87,7,6,1
8,54,5,9,1
7,64,8,5,1
7,80,9,6,0
5,47,8,6,1
7,76,8,8,0
8,67,7,9,0
3,53,9,8,1
3,82,4,8,0
3,95,9,1,0
5,99,6,3,0
9,85,8,1,1
5,58,5,0,1
4,87,8,0,0
7,46,7,4,0
9,84,9,3,0
7,55,7,3,0
4,98,7,2,0
9,75,8,6,0
3,60,5,1,1
7,53,5,5,1
5,47,4,9,0
8,94,9,1,0
6,97,7,5,0
4,45,7,6,1
1,67,6,9,0
7,73,9,5,1
4,97,6,2,1
1,59,5,6,1
5,56,9,6,0
6,88,7,6,1
6,69,9,4,0
9,45,4,9,0
1,96,8,3,0
1,78,8,3,0
9,52,8,3,1
7,93,4,2,1
1,75,4,4,1
7,41,9,8,1
4,50,6,7,1
1,69,4,3,0
6,88,4,6,0
4,73,7,4,0
5,77,8,0,1
8,82,8,8,0
6,77,7,0,1
6,54,7,3,0
2,90,6,2,0
9,83,8,9,1
1,91,5,0,1
1,69,5,1,1
9,45,8,4,1
8,48,6,3,0
7,83,6,2,1
8,89,7,8,0
5,97,7,2,0
8,61,8,9,0
1,69,7,1,1
6,50,5,5,0
5,93,8,4,1
1,81,6,6,0
7,89,7,4,1
3,89,5,2,0
1,46,8,8,0
3,61,8,7,1
5,93,7,1,0
6,54,8,6,0
9,86,9,8,1
5,74,5,0,1
2,94,9,8,1
1,55,5,4,0
2,44,5,0,0
6,73,7,1,1
8,63,9,5,1
8,91,4,6,0
2,46,4,5,1
4,80,9,1,1
5,56,7,6,1
8,73,8,8,1
4,97,7,6,1
3,73,7,6,0
7,43,4,2,0
7,45,7,5,0
3,80,6,6,0
5,60,4,5,0
2,96,8,7,0
5,46,7,7,1
8,48,6,4,0
1,80,5,4,1
6,75,4,2,0
6,89,5,5,0
8,99,8,9,1
7,88,8,2,0
3,51,4,0,1
3,98,4,3,1
9,63,9,7,0
4,59,9,5,1
3,64,9,8,1
1,80,6,8,1
5,67,6,1,1
6,70,4,2,0
5,42,6,0,1
4,41,8,7,1
8,99,9,6,0
6,54,8,7,1
5,93,6,5,1
3,92,9,7,0
1,55,9,3,0
8,68,5,3,1
3,57,9,0,0
6,77,6,4,0
1,70,4,9,0
5,82,9,9,1
1,84,8,3,0
3,85,7,6,0
8,52,7,2,1
5,68,6,5,0
4,40,9,4,0
2,95,5,7,1
3,81,5,8,0
7,85,8,8,1
9,63,7,8,1
9,44,9,7,1
3,41,6,5,0
5,82,4,1,1
4,61,5,9,1
1,81,5,4,1
5,89,4,2,1
6,76,4,0,1
7,49,5,7,1
8,70,6,3,1
7,65,7,3,1
2,73,7,9,1
7,87,4,7,1
3,48,5,1,1
3,78,6,9,1
8,94,7,7,0
1,99,4,6,1
9,41,7,9,0
4,40,4,7,1
4,67,8,5,0
2,54,5,2,1
1,58,5,1,0
9,82,5,3,0
7,74,9,8,0
3,78,8,8,0
3,72,9,2,1
6,65,8,1,0
1,41,6,7,1
4,61,9,9,1
5,80,9,9,1
6,89,6,9,0
9,81,5,1,1
1,48,4,2,0
6,71,4,7,1
2,46,9,5,0
1,46,9,8,0
1,63,9,3,0
6,56,8,4,0
5,95,5,6,1
5,79,8,0,1
6,70,8,1,0
2,77,9,6,1
9,40,4,7,1
3,83,8,1,0
1,40,4,3,0
5,71,5,0,1
6,84,9,0,0
3,87,7,5,1
8,75,4,1,1
9,84,6,0,1
8,49,4,0,0
4,44,9,1,0
3,97,6,0,1
8,58,5,1,0
2,48,6,3,1
1,61,9,5,1
7,99,4,1,0
2,92,9,0,0
1,62,7,7,0
6,89,7,8,1
7,80,4,8,1
2,78,4,5,1
9,54,8,9,0
3,43,6,1,1
5,91,8,9,0
7,47,6,3,1
4,43,6,7,0
3,85,8,0,0
1,58,8,8,1
3,94,4,2,1
5,78,8,1,1
2,47,9,5,0
2,52,7,8,1
6,53,6,8,0
1,56,4,1,0
4,71,8,2,1
9,90,8,9,0
2,85,6,6,0
9,47,5,2,0
2,84,8,0,1
9,83,4,3,1
5,42,6,4,1
9,48,7,3,1
7,47,7,5,1
8,52,6,2,0
5,75,7,6,0
8,89,5,5,1
5,51,7,7,0
9,41,6,2,1
1,64,7,7,0
7,67,8,6,1
7,62,7,4,1
7,67,7,0,0
6,64,8,0,0
7,48,9,1,0
1,97,5,5,0
4,43,6,7,0
2,53,8,9,1
3,72,8,2,0
7,72,4,3,1
5,55,7,4,1
7,42,6,3,0
4,46,5,4,1
3,72,6,6,1
2,62,7,9,1
1,52,8,8,0
6,56,4,9,0
8,71,8,9,0
6,57,7,5,0
1,94,6,8,0
3,62,8,1,0
3,99,8,8,0
9,52,9,9,1
3,86,9,8,1
9,73,6,5,1
8,98,8,2,1
4,91,6,3,0
3,86,5,1,1
7,69,5,8,1
1,56,7,4,0
7,70,4,7,0
7,53,6,3,1
5,68,8,7,1
8,93,6,0,0
3,88,7,8,1
5,64,6,7,1
6,99,4,2,0
5,61,4,7,0
8,85,7,0,1
9,86,6,9,1
6,80,4,8,1
3,50,5,4,0
3,60,7,5,0
2,58,5,9,1
6,94,5,3,1
5,71,7,5,0
7,84,6,1,1
9,89,8,6,1
1,54,6,6,0
4,46,7,1,1
8,77,8,9,0
4,49,5,5,0
1,46,8,5,0
1,56,8,2,0
9,90,8,7,1
3,66,8,8,0
7,92,4,0,1
4,54,4,9,0
8,46,9,5,0
7,74,7,4,1
6,55,7,0,1
1,96,7,9,0
3,64,5,2,1
3,81,8,5,1
1,88,8,4,1
5,54,7,2,1
2,49,8,5,0
1,71,6,0,1
5,66,9,7,1
7,40,8,6,1
6,59,7,9,1
2,83,8,4,1
1,88,9,2,0
8,42,7,5,0
2,42,6,0,1
1,42,6,3,1
4,67,9,3,0
4,99,7,7,1
3,56,9,7,0
9,55,8,8,0
5,75,9,3,0
5,41,4,8,1
3,74,8,8,1
1,66,5,3,1
3,44,5,7,1
2,98,6,3,1
6,83,4,6,1
2,54,8,0,0
6,94,6,5,0
5,96,6,7,1
8,85,6,8,1
3,40,6,1,0
5,53,7,2,0
8,92,5,0,0
6,87,6,6,1
1,96,9,5,0
1,72,5,9,1
5,98,6,6,0
9,99,6,6,0
3,70,8,1,0
9,57,7,2,1
8,49,9,8,0
1,62,8,9,0
6,60,7,6,1
5,98,6,3,1
7,73,7,0,1
2,47,8,6,0
2,70,8,5,1
4,87,8,4,1
7,85,8,0,1
5,48,6,4,0
7,54,5,6,0
1,58,8,6,0
3,62,4,6,0
4,79,6,2,1
6,48,5,6,1
2,44,4,0,1
1,48,9,5,0
2,43,7,8,1
3,74,4,8,0
9,99,5,6,0
8,89,5,3,0
4,79,8,9,0
9,92,9,5,1
9,85,9,2,0
3,69,4,1,1
6,86,5,1,1
5,74,9,2,0
3,90,5,8,0
7,62,9,2,1
2,49,8,7,1
6,59,7,3,0
9,65,7,3,1
4,49,8,6,1
2,56,8,2,0
2,60,8,3,0
3,54,5,5,0
7,58,5,7,0
3,66,4,6,0
5,91,4,5,0
9,53,4,9,1
2,69,5,4,1
6,70,6,8,0
3,77,5,1,1
7,78,6,4,1
4,86,7,2,1
5,62,7,9,1
3,82,9,7,1
7,52,8,5,0
5,92,5,9,0
7,46,8,9,0
1,66,8,7,1
6,45,4,0,0
5,42,8,8,1
9,99,9,4,0
3,91,7,7,0
6,92,9,7,1
9,40,9,8,0
1,55,8,9,1
7,75,6,9,1
2,71,8,8,1
9,48,7,5,1
2,40,5,1,0
1,48,5,7,0
5,50,4,3,1
4,88,6,0,0
7,90,7,5,1
6,57,4,0,0
6,52,6,6,1
4,51,8,0,1
2,57,7,8,0
5,67,4,0,1
6,63,6,9,0
5,78,5,9,1
5,44,9,8,1
9,70,9,3,0
1,43,7,4,1
5,43,9,7,0
5,70,6,3,1
1,82,7,3,1
9,57,5,9,1
4,56,5,3,1
8,65,7,3,0
6,46,4,1,1
3,43,6,8,0
9,87,5,9,1
5,52,6,2,0
3,62,9,6,0
5,82,4,6,1
1,59,7,9,1
9,66,4,7,1
5,77,6,9,1
5,91,7,5,1
9,84,6,2,1
5,86,9,2,0
6,73,9,6,1
7,70,9,5,0
6,48,8,1,1
3,55,9,4,0
8,49,6,9,1
6,84,6,4,0
2,76,5,7,1
9,92,8,0,1
3,80,7,0,1
7,54,5,3,1
3,56,8,7,1
8,94,7,4,1
6,43,6,4,1
1,84,6,8,0
3,40,5,2,1
8,52,6,9,1
2,58,6,1,1
4,81,7,9,0
5,52,8,5,1
4,99,5,3,0
2,41,5,2,0
2,95,5,9,0
1,82,5,8,0
4,57,4,7,0
2,54,7,4,0
3,75,8,5,0
7,44,4,7,0
8,75,7,4,0
6,87,7,9,0
4,88,9,7,1
9,65,8,7,0
7,70,4,1,1
6,83,6,7,1
9,42,9,6,1
8,92,5,5,0
4,93,6,1,0
4,41,5,9,1
9,54,9,2,1
5,80,6,7,1
7,41,4,2,1
5,54,9,9,1
4,82,8,2,0
2,62,9,4,1
4,65,7,7,1
3,66,9,3,1
3,40,8,0,1
9,79,8,6,1
6,55,7,1,0
3,69,4,4,1
3,65,5,4,0
2,89,6,1,1
3,76,9,9,0
8,60,5,3,0
1,78,7,8,0
7,52,7,5,1
5,92,8,6,0
2,49,9,9,0
6,53,8,9,1
1,52,4,5,0
2,88,9,3,0
4,69,5,7,0
9,96,6,9,0
5,66,6,1,0
6,89,5,6,0
4,58,5,1,0
8,56,9,0,0
7,75,8,4,1
6,79,5,1,0
5,81,6,8,0
8,87,7,8,0
2,60,5,4,1
5,94,5,9,0
5,81,6,5,0
3,91,5,6,0
4,76,4,8,0
4,42,5,7,1
8,94,7,3,1
9,75,9,0,0
1,43,4,5,1
3,65,9,1,0
6,67,6,7,1
9,67,6,8,1
9,96,8,3,0
7,47,4,5,0
8,81,6,9,0
7,42,5,7,1
7,86,6,9,1
3,84,8,5,1
1,87,7,0,1
7,99,9,3,1
9,60,9,7,1
1,98,9,6,1
1,87,9,6,1
5,60,9,3,1
1,96,9,4,1
3,79,8,4,1
8,68,6,1,0
6,56,4,9,0
4,42,7,3,0
5,76,5,2,0
5,57,6,8,1
2,96,7,3,0
9,52,9,2,1
1,65,6,7,1
7,44,6,7,0
4,70,8,5,1
9,93,5,9,1
4,85,8,4,1
5,55,9,7,1
4,72,6,4,0
8,56,6,7,0
4,86,7,0,0
9,52,4,3,0
6,69,9,7,0
4,80,5,0,0
5,66,7,9,1
8,55,5,5,0
8,40,7,7,1
6,98,5,4,1
3,99,8,6,0
6,85,9,1,1
8,64,9,6,1
3,82,5,6,0
3,60,9,1,1
2,70,5,6,1
4,48,5,8,1
7,82,9,6,0
6,89,9,9,1
3,88,9,0,0
4,61,6,7,1
8,58,6,7,1
5,59,6,6,0
4,95,7,2,1
7,71,4,1,0
3,89,5,8,1
3,94,6,2,1
8,74,7,5,0
8,85,8,9,1
4,66,8,8,1
1,85,9,1,1
6,86,4,2,1
7,84,7,6,1
9,45,9,4,0
8,73,4,5,0
2,81,4,9,1
4,66,8,5,1
6,93,8,5,0
7,84,6,3,0
6,75,6,9,0
9,51,8,3,0
3,87,8,3,1
3,62,8,4,0
9,72,6,8,1
6,55,9,2,1
4,62,8,5,0
7,82,4,4,0
7,46,8,8,1
3,45,9,2,1
6,66,6,8,1
4,78,9,2,1
9,54,7,6,1
1,45,4,5,1
3,69,9,4,1
2,81,6,9,1
1,95,6,6,1
9,40,5,1,1
4,53,7,1,0
3,83,4,8,1
4,73,7,0,1
8,52,8,5,0
2,84,4,6,1
5,65,5,7,1
9,52,4,5,0
8,60,5,0,1
3,75,5,8,0
6,77,7,6,0
9,98,9,1,1
9,40,8,9,1
6,86,9,0,0
5,52,9,3,1
8,61,4,6,0
4,60,9,6,0
5,58,9,5,0
1,95,8,1,1
5,46,9,9,1
1,90,7,1,1
9,88,9,1,0
7,94,4,2,0
8,45,6,0,0
8,86,5,9,1
2,68,7,8,1
9,69,9,0,0
8,66,8,6,0
9,49,6,4,0
5,43,7,7,0
5,58,4,5,1
1,45,4,2,1
9,87,5,9,0
4,59,4,4,1
8,53,7,3,0
8,90,7,7,1
7,47,7,9,1
2,77,9,1,0
2,68,8,4,0
7,73,6,8,1
5,80,4,4,1
5,55,8,3,1
5,48,7,0,1
4,53,6,6,0
6,96,9,1,0
4,58,7,4,0
6,95,5,8,0
1,83,7,6,1
3,58,4,7,0
7,96,8,2,1
7,49,9,0,0
1,84,8,7,1
6,93,7,4,1
1,72,5,9,0
9,91,7,1,1
6,89,5,2,1
8,88,9,2,0
9,56,5,4,1
5,77,6,3,0
8,81,4,5,0
6,74,8,6,1
8,75,4,9,0
2,59,6,5,0
7,51,9,3,0
9,85,7,6,1
7,75,7,1,0
4,74,7,4,0
2,42,4,7,1
5,80,4,6,1
5,47,7,5,0
1,69,7,4,1
4,67,7,8,0
6,71,9,5,1
7,59,9,6,1
4,97,8,0,1
2,89,8,0,0
4,73,8,8,1
3,63,8,1,1
1,47,8,8,1
6,57,4,5,1
9,64,7,1,1
3,41,7,3,1
8,90,9,5,0
7,87,6,7,0
6,55,8,3,0
2,50,9,7,1
9,75,8,1,0
2,86,4,3,1
6,84,9,5,0
3,76,5,6,1
8,94,6,4,1
1,54,7,6,1
4,93,7,5,1
8,65,4,8,0
2,69,5,7,1
5,41,5,7,1
3,40,7,6,0
4,44,9,1,0
4,53,8,9,0
2,86,4,7,1
8,79,8,7,1
5,97,7,3,1
1,71,7,8,0
9,53,6,9,1
7,53,4,2,0
4,81,8,1,1
6,95,9,4,0
5,51,7,1,1
4,50,6,8,0
6,62,9,2,1
7,42,4,4,0
1,74,5,2,0
5,53,8,9,0
8,95,7,3,1
1,62,6,7,0
8,70,8,1,0
2,42,8,9,0
7,71,9,9,0
4,86,6,9,0
6,46,4,7,0
1,52,7,6,0
1,83,9,0,1
9,83,9,7,0
7,88,9,4,1
1,42,6,6,1
8,60,4,7,0
3,42,9,8,1
9,51,4,8,0
6,77,8,4,1
8,81,7,9,0
6,65,4,3,0
8,60,4,3,1
1,86,9,1,1
3,80,4,2,0
4,40,7,9,1
3,81,7,0,0
3,58,9,6,0
7,76,8,8,0
6,97,8,4,0
1,98,8,9,0
8,42,8,8,0
4,77,6,2,1
2,72,6,7,1
8,93,8,8,0
2,42,7,9,0
6,68,4,5,0
1,58,5,6,1
8,59,6,7,0
2,55,8,4,1
2,48,4,8,0
2,54,9,6,1
1,47,4,6,0
9,48,6,2,1
4,90,5,5,0
4,67,7,1,1
5,65,6,5,1
8,45,4,4,1
1,54,5,1,1
8,45,4,5,0
8,93,9,7,1
3,78,9,5,0
1,92,4,6,0
7,76,9,2,0
1,83,4,9,0
6,56,4,3,0
6,44,9,3,1
4,92,4,8,0
6,93,5,7,1
6,58,4,3,0
4,87,8,4,0
2,95,7,7,0
2,93,6,4,0
6,75,8,9,0
8,61,4,2,1
1,96,8,0,0
5,51,7,0,1
9,42,8,6,0
5,72,4,7,0
8,90,4,3,1
6,75,4,7,0
6,80,6,0,1
2,40,4,4,0
8,98,8,2,1
5,71,8,3,1
1,50,4,2,1
1,49,6,3,1
7,46,5,2,1
1,44,5,4,0
3,95,4,9,0
8,78,8,3,1
5,70,7,8,0
9,81,7,9,1
5,61,8,6,0
8,48,4,8,1
7,58,8,8,0
7,67,8,0,1
3,41,5,4,0
3,78,4,3,1
4,93,8,6,1
4,94,4,3,0
8,41,5,9,0
4,62,6,9,1
1,96,4,0,0
9,82,7,8,1
2,73,4,5,1
3,46,7,4,1
2,79,7,9,1
3,43,6,7,0
1,50,8,5,1
9,49,7,5,0
4,47,5,1,1
4,44,6,8,1
5,62,9,4,1
2,71,6,3,0
4,60,4,8,1
9,92,5,2,0
6,89,9,2,0
8,55,5,1,0
3,71,5,9,1
4,66,4,5,0
2,41,7,6,0
8,73,5,8,1
7,41,6,6,1
6,93,8,1,1
6,83,6,9,1
6,75,5,2,1
9,77,7,5,1
8,68,6,9,0
7,70,4,8,0
6,66,5,8,0
1,57,8,0,0
2,55,6,7,1
9,76,4,0,1
8,59,8,0,1
8,51,8,2,1
4,82,7,4,1
5,72,9,9,0
3,72,5,3,0
8,60,4,0,1
8,98,9,6,0
7,91,7,0,0
1,89,7,9,0
3,76,4,2,1
5,69,7,7,1
4,46,9,1,0
9,60,7,0,0
2,62,4,8,0
2,96,4,9,0
4,89,9,8,1
5,41,9,6,1
8,83,4,1,0
3,97,5,1,1
1,95,5,8,1
8,60,4,7,0
8,53,6,4,1
5,58,9,5,1
3,93,8,4,0
7,86,9,9,1
4,66,4,0,0
6,91,5,8,1
1,67,8,0,1
7,70,4,4,1
1,62,7,1,0
4,47,9,3,0
9,49,6,3,1
2,62,9,4,1
7,54,9,3,0
2,84,7,6,1
8,93,8,4,0
6,93,9,5,1
3,93,6,5,1
2,77,6,9,1
6,66,7,2,0
6,88,4,6,0
5,79,4,9,0
5,60,7,7,0
7,53,5,9,0
9,90,9,8,1
8,91,4,6,0
9,94,9,2,0
8,54,8,4,0
6,92,7,5,1
8,91,5,4,1
5,84,8,4,0
6,40,6,5,0
1,45,8,5,0
9,56,5,6,0
6,88,5,4,0
9,73,6,7,1
7,43,9,6,1
1,57,8,0,0
1,60,4,1,1
9,80,4,2,1
9,59,4,0,1
2,94,9,8,1
7,77,6,9,1
4,40,8,4,1
9,82,7,6,0
7,66,4,5,0
7,97,4,6,0
5,79,6,9,1
9,51,4,7,1
1,69,7,1,0
2,62,8,9,0
9,77,6,9,0
3,59,8,9,1
6,64,4,5,1
2,80,4,1,1
6,88,7,0,1
9,64,6,3,1
2,97,4,4,0
1,99,9,7,0
4,70,8,7,0
8,53,5,4,0
8,70,9,7,0
4,52,5,1,1
2,49,8,4,0
6,73,5,6,0
1,99,4,3,1
9,73,6,8,1
8,49,4,3,1
9,74,7,6,1
3,49,8,3,0
3,49,8,4,0
2,96,9,3,0
4,92,8,2,0
7,64,6,9,1
6,73,4,2,1
4,69,6,6,1
8,90,5,1,0
2,67,8,3,0
2,42,7,9,0
8,87,5,8,0
3,59,8,4,0
2,67,9,6,0
4,51,7,4,1
9,53,9,6,0
6,80,8,4,0
4,48,6,8,0
6,73,6,2,1
8,58,6,6,0
4,51,5,0,1
2,60,6,6,0
5,91,5,5,1
2,74,5,0,0
6,45,7,2,1
8,69,9,4,1
6,58,8,1,1
4,50,4,5,1
4,77,6,7,0
8,61,8,0,0
9,52,9,5,0
9,94,7,8,1
2,44,4,2,1
9,95,5,6,0
4,70,6,5,1
8,57,5,3,0
7,65,8,0,0
6,87,4,2,1
7,89,5,6,1
1,62,4,5,1
3,65,4,9,1
6,85,7,2,0
8,99,9,6,0
2,68,6,3,1
3,82,8,1,0
6,71,5,2,0
7,40,7,5,0
2,70,5,8,1
5,60,4,1,1
2,60,5,9,1
9,48,6,7,0
9,84,6,6,1
7,52,8,6,1
8,46,7,7,1
9,88,6,8,1
8,45,6,8,1
8,97,9,2,0
3,83,9,1,1
8,88,7,3,1
1,80,8,2,0
9,49,5,0,0
6,95,6,7,1
7,97,8,8,1
2,99,9,5,1
9,97,6,6,0
6,41,8,4,1
1,91,9,7,1
6,94,9,2,1
5,94,8,3,0
8,58,6,6,0
5,95,9,1,0
3,81,8,4,0
5,83,7,2,0
2,94,4,9,0
7,43,8,9,0
5,86,7,6,1
3,66,6,5,0
1,43,9,1,0
9,72,7,6,0
4,45,7,0,1
6,67,9,7,1
8,68,8,2,0
6,79,5,1,0
4,75,8,6,0
3,75,8,1,0
9,80,9,9,1
1,64,6,9,0
3,73,9,0,0
3,66,8,1,0
8,65,6,5,0
9,42,7,2,1
3,49,9,5,0
5,48,7,4,1
5,61,9,5,1
6,40,6,1,0
5,62,4,2,0
8,82,9,6,1
2,67,7,2,1
1,81,4,6,0
2,42,4,7,0
5,66,7,5,0
7,86,7,3,0
1,40,5,9,0
3,62,4,0,1
5,64,6,2,1
2,42,4,0,0
3,94,4,7,0
2,66,9,8,0
5,43,8,2,0
5,54,4,9,0
1,65,8,1,0
8,64,5,1,1
3,58,4,5,1
1,46,7,6,1
7,80,8,3,0
7,80,7,2,0
7,91,4,3,1
8,46,9,0,0
1,64,4,7,0
5,61,8,7,1
8,54,9,7,0
2,43,4,5,1
7,81,6,0,0
3,62,5,3,1
7,78,6,2,1
6,95,5,5,0
4,79,4,4,0
9,49,9,4,0
2,92,5,9,1
5,40,5,9,0
6,56,4,8,1
8,93,4,5,0
8,65,4,2,1
6,59,4,6,0
3,99,4,8,1
9,41,7,4,1
3,66,6,9,1
1,77,9,9,1
9,91,5,2,0
6,65,6,5,1
1,91,6,0,0
6,82,5,9,0
9,64,9,8,1
4,57,6,4,1
1,58,4,2,0
5,92,8,0,1
2,87,6,6,0
3,97,7,2,1
5,66,8,2,0
5,92,4,6,1
4,86,8,9,1
3,48,5,9,1
8,53,6,4,1
6,70,4,9,0
4,43,7,6,0
1,97,5,0,1
5,81,4,4,0
2,85,8,6,0
1,48,5,4,0
4,49,7,6,1
4,72,5,4,0
5,60,9,2,0
2,59,7,0,0
3,71,4,1,1
6,95,6,9,0
2,99,4,9,0
4,45,8,8,1
2,69,9,1,1
1,94,9,3,1
8,67,7,6,0
2,87,5,4,0
4,56,7,3,1
1,52,9,7,0
9,77,5,8,0
2,92,6,3,0
9,40,5,8,0
3,46,6,8,1
5,95,8,5,1
9,99,4,8,1
4,68,9,7,1
1,49,8,7,0
9,92,8,6,0
4,78,6,9,1
9,56,9,7,1
8,60,7,9,0
8,86,4,4,0
5,80,9,9,1
7,52,6,3,0
3,90,5,6,1
9,41,6,0,1
9,95,5,7,0
9,68,5,5,0
1,69,9,5,0
6,42,8,6,0
8,52,7,0,1
7,41,7,4,1
4,88,4,5,1
6,74,5,9,0
8,70,8,8,0
8,77,9,2,1
9,95,8,4,0
7,60,5,5,1
7,93,7,4,1
6,73,7,5,0
7,70,8,7,0
8,42,7,8,1
9,43,8,6,0
1,40,4,3,1
1,98,8,6,1
7,51,4,8,1
9,96,8,6,1
8,74,4,5,1
1,79,8,3,1
8,63,8,3,0
7,77,6,1,0
1,99,5,0,1
4,44,4,0,0
3,86,7,8,1
6,81,5,2,1
2,92,9,9,0
8,46,9,2,0
9,62,4,3,0
5,69,9,7,1
7,42,5,5,0
6,54,6,0,0
4,90,7,8,0
4,52,9,2,1
4,75,9,7,1
5,67,7,6,1
1,43,8,3,0
8,91,8,5,0
6,62,4,6,0
8,50,5,6,1
9,72,8,9,0
1,54,9,8,0
9,89,9,3,0
5,47,5,4,0
3,96,7,4,1
3,94,5,4,1
9,74,4,8,0
2,74,4,2,0
4,79,6,5,1
8,64,6,8,0
3,55,4,3,0
4,89,7,1,1
5,65,4,9,0
9,58,7,2,1
2,82,4,8,1
1,44,9,7,1
4,81,9,8,1
5,86,8,8,0
5,74,5,9,1
3,69,4,4,1
4,84,4,2,1
7,67,9,3,1
3,94,6,5,1
2,89,4,0,1
6,82,8,6,0
8,86,8,8,1
1,62,6,6,0
2,50,9,0,1
7,42,5,7,0
3,73,4,6,1
5,56,8,2,0
6,45,8,1,1
3,98,6,6,0
8,87,4,5,1
5,62,5,6,1
8,87,5,6,1
1,77,9,0,1
1,51,9,0,0
8,58,9,6,0
6,74,5,6,0
2,92,4,5,0
8,65,6,5,0
5,49,9,7,0
8,64,5,6,1
4,98,9,6,1
5,75,6,8,1
2,73,8,7,1
3,55,8,7,1
4,48,4,3,1
5,53,8,1,1
7,47,6,8,0
8,89,6,7,0
5,93,7,5,0
9,54,7,4,0
9,41,8,1,1
2,43,5,3,1
1,86,4,4,1
6,44,5,6,1
9,44,9,6,1
7,54,7,1,1
1,87,8,9,0
4,90,7,9,0
6,60,7,3,0
9,93,9,7,0
2,76,8,7,1
2,47,4,3,1
4,92,8,8,0
3,81,4,7,0
5,48,8,0,0
7,61,9,9,1
8,85,6,3,1
7,98,4,4,0
2,80,8,8,0
3,64,6,1,0
7,46,5,5,1
1,96,6,3,1
4,91,8,6,0
5,43,7,9,0
7,88,8,8,0
1,78,8,8,0
4,77,7,9,1
8,69,6,0,0
2,92,7,0,0
9,87,8,3,1
7,98,8,9,0
8,60,4,6,0
2,67,5,5,0
3,60,5,6,0
9,41,5,2,1
7,45,6,5,1
7,41,7,7,1
7,73,5,9,1
8,97,6,1,1
2,93,4,3,0
9,76,9,8,0
2,51,7,8,1
8,83,9,6,1
2,52,4,1,0
5,45,5,6,1
9,55,7,2,0
6,45,5,2,0
8,88,5,7,0
8,71,8,5,0
6,65,5,9,1
4,70,6,8,1
4,87,6,9,0
8,82,5,3,1
5,77,9,1,0
7,59,6,3,0
3,68,5,5,0
7,73,7,7,0
6,44,7,7,1
4,84,8,6,0
9,42,5,0,0
6,91,4,0,1
5,85,5,7,1
7,58,7,7,1
1,93,7,7,0
8,45,4,6,1
9,70,4,5,1
1,85,5,2,1
6,83,7,0,0
8,64,6,2,0
5,56,4,2,1
8,50,4,5,1
1,60,4,3,1
8,89,4,6,0
1,60,7,8,1
8,80,4,0,1
3,63,9,8,1
3,72,8,3,1
9,86,6,9,1
2,49,5,7,1
3,60,9,3,0
9,89,5,3,1
6,85,8,7,0
3,75,5,6,0
3,79,6,3,1
4,58,6,0,0
3,73,8,6,0
1,67,7,1,1
5,72,9,2,0
2,48,9,9,0
7,69,5,1,1
3,77,6,3,0
7,91,7,0,0
9,96,4,3,1
8,89,5,8,1
4,84,9,7,0
2,87,4,5,1
4,83,5,4,1
7,65,4,5,0
2,53,9,3,0
8,60,5,2,0
7,58,8,0,1
2,94,5,2,1
2,63,8,6,1
4,65,5,4,1
5,62,7,2,1
7,59,7,6,1
8,76,4,3,0
9,63,5,5,1
9,53,4,2,0
3,45,5,5,0
3,60,9,0,1
2,64,7,5,0
8,88,4,7,0
4,57,6,7,1
9,91,8,6,1
1,49,8,6,1
2,44,5,1,1
2,43,9,8,0
5,56,5,2,1
4,49,4,4,0
2,92,4,3,0
8,41,7,7,1
1,96,6,6,1
3,79,9,2,1
4,42,6,4,1
5,43,7,4,1
9,88,8,5,1
4,67,4,8,1
7,71,8,5,1
2,95,5,8,0
9,69,6,1,1
7,53,5,1,1
4,47,9,8,1
9,54,6,7,1
9,53,5,5,1
7,51,5,1,1
5,94,6,3,1
9,98,8,5,0
2,70,4,1,0
1,80,6,2,0
1,86,6,2,1
9,46,7,8,1
8,93,5,5,0
7,75,9,5,1
8,56,4,5,0
7,88,7,6,0
6,82,6,1,0
8,42,5,0,1
4,80,9,8,1
1,64,8,0,1
4,42,6,0,0
2,89,9,4,0
5,54,5,9,1
2,87,9,2,0
7,58,6,2,1
3,54,5,0,0
9,85,8,6,0
6,76,8,1,1
7,48,8,9,0
2,60,9,3,0
6,57,8,6,1
4,75,9,4,1
4,66,9,6,1
5,70,7,8,1
5,50,9,8,1
5,88,9,9,1
8,49,4,0,0
3,95,7,5,0
4,95,9,0,0
2,55,8,1,0
6,83,7,1,1
6,56,8,9,1
8,40,7,0,0
1,75,7,6,0
4,81,5,4,1
5,89,9,6,0
7,88,7,9,0
1,65,8,2,0
3,80,7,7,0
1,79,7,4,0
7,47,9,8,0
8,56,6,7,0
8,71,4,8,1
6,70,7,6,1
6,62,7,6,1
5,41,8,4,0
1,69,5,1,1
4,47,9,7,1
8,48,9,3,0
1,53,5,9,0
2,68,8,4,0
3,91,8,9,1
1,89,8,5,1
4,49,8,5,0
4,99,8,8,0
5,84,5,8,0
3,85,6,3,1
9,65,4,8,1
9,72,9,8,0
4,98,8,6,1
2,88,8,6,0
8,74,5,0,1
3,61,8,6,0
3,74,8,7,1
4,49,5,0,1
6,61,4,3,1
5,46,5,1,0
3,46,9,9,1
8,74,9,6,0
4,98,9,6,1
4,77,9,2,0
5,90,4,5,0
9,71,8,6,0
8,53,7,0,1
4,95,8,8,0
1,95,5,4,0
8,76,9,1,1
3,90,8,3,1
8,69,4,6,0
2,73,9,1,0
9,85,6,9,1
4,92,4,5,0
1,96,6,7,1
5,56,7,6,1
3,70,5,4,1
3,46,7,7,0
7,45,8,0,1
3,54,7,6,1
3,54,6,6,1
7,83,5,5,1
8,73,5,4,0
4,52,8,2,0
5,97,5,3,1
3,67,4,4,1
2,43,9,8,1
8,52,9,4,0
6,96,6,4,0
9,78,5,4,0
7,82,9,7,1
3,97,7,9,0
7,42,5,3,1
4,98,9,4,1
9,97,9,3,1
5,85,9,1,1
2,88,5,6,1
9,83,8,0,0
4,65,8,4,0
8,95,5,2,0
7,70,6,5,0
6,53,6,3,1
7,91,7,6,1
8,57,8,8,0
4,71,5,5,0
7,69,6,1,0
6,46,9,7,1
1,52,8,7,1
1,99,5,0,0
6,90,5,4,0
9,82,7,8,0
8,58,6,6,0
6,80,4,7,1
7,70,5,5,1
6,62,7,7,0
7,90,8,9,1
7,68,9,8,0
7,70,8,0,0
9,61,4,8,0
3,62,8,9,1
6,56,5,5,1
4,75,5,9,0
1,44,8,5,1
2,82,5,3,1
9,97,6,9,0
4,91,5,5,0
6,55,4,7,1
7,62,7,0,1
3,51,7,4,0
8,62,6,8,0
1,69,7,2,1
2,67,8,6,0
9,92,4,3,0
2,43,4,0,1
3,72,9,8,0
8,83,4,4,0
6,59,8,1,1
3,57,9,8,0
6,70,5,7,0
3,52,6,7,0
5,62,9,1,0
6,73,7,9,0
9,85,5,0,0
9,75,4,8,0
1,78,6,9,0
9,46,6,3,0
4,61,8,0,1
2,72,4,3,0
6,59,4,9,1
6,78,8,4,1
1,71,9,1,0
9,61,9,5,1
6,73,8,2,1
3,40,5,4,1
5,97,7,5,1
3,87,8,5,1
4,99,6,1,1
9,96,8,9,1
5,59,8,0,0
7,55,6,4,0
5,40,8,5,1
8,44,8,0,0
1,80,8,3,0
3,57,4,5,0
9,66,8,3,1
6,93,5,7,1
3,78,8,9,1
5,87,7,0,1
5,97,9,5,1
7,62,8,4,1
4,96,6,2,0
1,88,9,8,0
7,90,9,7,1
7,41,4,5,0
7,71,6,8,0
7,43,8,2,0
4,45,7,1,1
3,82,6,2,0
8,99,6,3,1
5,90,8,2,0
3,88,4,6,0
6,43,8,9,0
9,69,4,6,1
6,63,4,6,1
4,87,7,0,1
4,58,7,7,1
7,70,9,4,0
7,87,5,3,0
2,81,4,8,1
2,66,4,3,0
6,66,5,2,1
8,77,6,4,1
6,60,5,8,0
2,68,5,1,1
4,44,5,0,1
6,89,8,4,1
8,42,9,5,0
7,78,4,9,0
8,59,7,9,1
4,89,7,8,1
3,49,9,0,1
9,42,6,1,1
1,77,7,5,1
3,69,7,3,1
3,86,7,5,0
1,56,4,9,0
6,70,9,1,0
2,54,5,7,0
9,73,4,6,1
6,78,6,3,1
6,75,7,8,0
9,99,8,0,0
1,59,7,9,1
7,43,4,1,1
4,95,9,9,0
6,87,8,4,1
6,65,7,7,0
5,84,9,6,1
3,61,4,8,0
6,73,9,9,0
1,84,7,5,1
2,59,8,3,0
9,68,9,7,0
2,71,8,0,0
3,40,7,3,1
6,84,8,4,1
3,84,9,0,0
4,46,8,1,1
5,97,8,5,1
2,52,6,0,0
3,69,4,2,0
8,75,9,5,0
4,55,5,8,1
7,43,6,4,0
3,79,9,3,0
8,43,7,3,1
3,48,7,7,1
6,64,5,9,1
8,99,8,8,1
1,61,7,8,0
8,56,9,4,0
2,54,5,9,0
6,48,9,2,1
5,69,9,6,1
9,43,4,4,0
6,77,6,8,0
3,71,6,6,1
1,84,8,3,1
6,92,8,9,0
5,46,6,1,1
6,59,6,6,1
3,44,9,3,1
7,71,5,6,1
1,59,8,8,0
7,87,7,8,0
8,77,4,4,1
2,48,7,3,0
5,53,5,8,0
2,76,6,7,1
8,67,9,0,0
3,97,7,1,1
5,91,7,8,1
8,57,7,6,1
8,86,4,8,0
3,50,6,4,0
2,84,4,8,1
8,59,4,9,0
9,48,9,3,1
5,56,4,9,1
3,86,9,4,1
1,96,7,9,0
7,74,4,2,1
5,83,9,6,0
7,58,4,3,1
1,57,9,2,0
4,56,4,7,0
7,71,6,4,0
4,61,8,4,0
6,60,9,3,1
1,64,7,8,1
5,92,8,7,1
5,60,9,0,0
2,75,9,1,0
5,71,5,6,0
5,58,6,1,0
4,84,5,2,0
4,54,4,9,1
7,83,8,3,1
7,73,5,6,1
3,42,5,0,1
4,78,7,5,0
2,52,8,2,1
8,56,4,6,0
5,43,6,1,1
1,53,7,5,1
9,81,8,8,1
9,64,5,5,0
2,85,9,1,0
9,56,5,9,1
9,63,8,7,1
4,58,6,9,0
6,96,6,4,1
2,89,6,9,0
3,84,5,5,1
7,99,4,0,1
1,55,5,0,0
6,58,9,9,1
1,52,9,2,0
8,76,6,0,0
6,54,4,4,0
5,76,9,8,0
4,95,8,3,1
1,86,7,3,1
7,43,6,7,1
2,66,7,5,1
1,84,9,6,0
5,66,7,1,0
4,66,8,6,1
9,81,9,9,1
6,59,4,6,0
4,62,8,9,1
3,75,5,8,1
3,82,6,6,0
3,85,6,0,0
9,84,7,4,0
8,84,7,5,1
7,44,5,0,1
6,45,7,4,0
4,59,6,9,0
1,68,8,1,0
8,55,9,3,1
8,79,8,9,1
6,82,8,2,0
7,65,5,9,0
2,89,7,0,0
1,91,9,0,0
7,91,7,9,1
6,41,8,5,0
4,71,7,3,0
8,87,4,2,1
4,59,8,2,1
6,86,8,2,1
1,88,5,0,0
5,78,6,1,1
5,63,9,8,1
2,40,5,6,1
2,68,4,4,1
4,65,6,5,0
2,43,4,9,0
4,53,5,8,0
4,77,7,5,1
8,88,5,2,1
1,97,6,5,1
4,74,6,1,1
7,67,8,0,1
5,61,6,7,0
1,86,5,0,1
1,49,6,4,0
2,46,4,3,0
3,74,8,8,1
6,93,9,7,1
2,72,8,4,1
8,91,6,9,0
8,72,7,6,1
2,59,7,5,0
4,68,9,0,1
7,92,6,3,0
2,68,6,4,0
2,86,6,2,0
4,54,5,4,0
8,50,6,0,1
2,77,7,7,0
6,75,7,7,0
7,81,8,7,1
2,84,9,7,1
4,95,4,3,0
5,59,9,6,1
9,78,7,6,1
6,76,5,7,1
2,93,7,4,0
7,83,5,6,1
2,61,5,1,1
7,56,8,0,0
4,65,8,6,1
4,49,6,1,1
1,46,5,0,0
1,51,5,0,1
4,44,7,5,0
9,94,6,9,1
4,49,6,9,1
9,75,7,4,0
6,41,9,1,1
8,73,6,5,1
6,86,7,9,1
7,61,9,8,1
5,61,6,6,1
8,97,6,3,1
1,99,6,1,0
7,93,4,4,0
2,90,7,8,0
8,62,6,1,1
6,66,8,5,0
4,87,8,9,1
6,61,7,4,1
9,81,7,1,0
2,41,4,9,0
2,58,4,9,0
2,89,9,4,1
9,55,7,4,1
4,90,5,3,1
6,86,6,5,0
2,66,6,6,0
7,69,4,2,1
9,84,8,8,1
3,78,8,2,1
5,57,9,2,1
7,66,7,3,0
3,49,9,4,1
3,86,9,0,1
2,87,7,3,1
4,59,9,7,0
5,93,5,9,0
2,43,7,8,1
5,87,5,0,0
6,73,7,2,0
4,69,5,7,0
9,96,6,8,0
1,43,9,2,1
4,95,6,4,1
7,54,5,5,0
6,89,4,4,0
1,52,4,4,1
7,60,5,4,0
1,68,5,7,0
8,54,8,2,0
5,68,5,5,1
8,67,5,3,1
1,69,5,5,0
2,53,7,4,1
1,78,8,5,0
7,50,6,8,0
2,48,6,7,1
2,88,8,6,0
1,57,7,8,1
7,89,9,4,0
8,91,8,1,1
3,68,6,6,0
9,82,6,0,1
3,79,5,5,1
8,91,5,8,0
1,86,7,3,1
4,48,8,6,1
8,56,5,8,1
7,48,4,8,1
8,48,7,8,1
8,66,6,7,0
6,94,6,6,1
1,43,6,9,0
1,68,5,9,0
5,53,6,6,0
7,59,7,2,0
7,47,8,1,1
3,46,4,9,0
9,57,6,3,0
1,97,5,7,0
6,76,9,9,0
9,43,4,6,1
8,63,8,3,1
1,46,5,5,0
5,40,5,8,1
2,58,9,7,0
5,52,5,1,1
1,76,5,6,1
7,90,5,7,0
7,96,6,3,1
9,47,4,2,1
1,79,8,3,0
3,44,5,1,0
8,99,5,5,0
2,58,5,4,0
6,48,6,6,1
6,93,8,9,0
3,71,9,9,1
6,54,5,6,1
7,85,7,5,1
4,65,5,7,0
6,49,9,1,0
7,55,5,2,0
4,49,8,2,0
6,91,9,8,1
7,74,7,4,1
4,48,8,2,0
3,78,5,3,0
1,97,8,0,1
4,83,6,9,0
5,85,6,5,0
7,49,6,0,0
9,51,9,2,1
3,98,7,2,0
6,90,5,6,0
7,87,5,3,0
1,97,4,5,1
5,56,7,1,0
5,54,5,0,0
1,72,4,7,0
4,57,9,9,1
2,58,5,6,0
5,74,8,7,1
3,98,5,2,1
2,53,8,4,1
1,48,8,2,0
9,52,5,9,0
2,52,7,3,1
7,60,9,4,1
9,99,5,7,1
4,44,9,5,1
9,89,7,6,0
6,67,5,5,0
7,99,6,0,0
9,58,7,0,0
1,46,8,9,0
9,77,9,1,1
9,71,8,9,1
4,92,8,2,1
9,93,4,3,0
4,72,6,7,0
1,71,6,7,1
8,79,9,9,1
1,66,8,0,1
7,73,4,8,0
8,86,7,3,1
7,56,9,5,0
1,90,7,8,1
8,41,5,5,1
7,61,8,5,0
2,45,6,0,1
4,49,7,6,1
1,77,9,0,0
8,53,6,9,1
6,93,5,3,1
6,79,8,2,1
9,50,7,8,0
3,58,8,6,0
8,95,6,6,0
1,49,7,9,0
4,62,9,9,0
3,43,7,2,1
6,51,6,6,1
6,87,8,5,0
7,85,5,2,0
8,75,7,0,0
1,58,7,4,0
9,40,5,5,0
1,73,4,2,1
8,61,6,4,1
9,70,4,7,0
4,91,7,1,0
7,55,4,5,1
1,40,9,6,0
2,77,4,8,1
8,92,7,2,1
1,79,6,6,0
7,59,8,6,1
4,75,8,7,1
1,42,4,5,0
5,61,6,1,1
9,93,4,0,1
3,52,8,2,0
9,50,8,5,1
9,78,8,0,0
6,90,5,0,1
3,76,6,2,1
9,93,8,6,1
4,71,5,1,1
5,98,6,5,1
8,41,6,8,1
3,60,4,6,1
5,62,4,5,0
5,77,5,6,1
4,66,8,6,0
7,97,7,9,1
1,86,9,8,0
1,49,4,2,0
2,45,8,5,1
1,97,7,7,0
5,59,9,0,1
9,95,5,8,0
8,82,8,3,0
4,83,6,9,0
3,68,4,8,0
2,91,6,4,0
5,67,7,1,1
9,59,5,3,0
9,44,5,2,0
4,65,7,4,0
6,61,9,8,1
1,92,6,9,1
2,41,4,1,0
9,43,4,1,0
7,45,4,6,0
9,95,4,5,1
9,42,5,9,0
2,52,4,1,1
3,59,9,4,1
6,80,7,3,0
9,76,8,1,1
7,45,5,8,1
9,87,4,1,0
4,94,9,8,1
8,96,8,9,0
4,51,7,3,1
1,75,9,5,1
9,42,7,1,1
2,44,8,7,0
3,66,6,2,0
1,76,5,4,0
4,45,6,8,0
3,94,9,0,0
6,70,6,6,1
9,56,9,5,1
4,68,5,5,1
2,63,9,4,1
1,59,8,3,1
2,98,7,1,0
6,81,8,5,1
4,40,7,5,1
2,75,9,8,0
7,41,7,6,0
1,45,6,5,1
3,94,9,4,0
6,74,4,6,1
8,89,6,0,1
2,78,8,4,1
4,62,8,6,0
4,61,7,5,1
1,55,8,1,1
1,81,4,4,1
4,50,5,1,1
8,41,5,1,1
8,48,7,2,1
7,63,8,0,0
4,40,5,4,0
5,60,9,2,0
9,47,8,7,1
3,76,7,0,0
7,84,6,9,0
2,78,8,0,1
1,49,7,3,0
6,62,8,2,1
6,63,5,1,1
9,86,8,8,1
4,51,8,3,0
6,65,5,3,0
2,75,9,9,0
4,64,7,1,0
6,91,7,4,1
4,73,7,7,0
9,82,8,8,0
5,86,8,5,1
1,96,4,9,0
3,86,5,9,1
5,76,6,8,0
3,87,7,6,1
2,81,7,4,0
3,62,5,9,0
6,47,4,4,1
4,50,4,7,1
5,83,4,6,0
8,79,8,6,1
1,56,6,4,0
5,93,6,8,0
7,61,4,7,1
5,71,5,8,0
2,44,8,8,1
8,83,8,5,1
8,69,5,7,0
6,57,7,6,0
9,87,8,6,1
6,93,6,7,0
6,57,6,5,1
1,53,5,0,0
3,49,8,0,1
5,60,7,3,0
5,83,7,0,1
1,85,9,5,1
5,50,5,5,1
7,65,9,4,1
7,83,6,1,1
6,84,9,4,1
3,72,5,2,1
1,67,5,7,0
5,46,6,2,0
2,63,8,9,0
6,88,6,5,0
5,57,8,4,1
9,65,8,8,0
2,56,6,4,1
2,80,6,0,0
4,46,9,3,1
4,74,7,7,0
2,52,4,5,1
3,67,8,1,0
7,44,9,8,1
6,64,4,9,0
6,93,5,0,1
1,49,7,2,1
4,67,7,2,0
9,98,6,7,0
3,66,6,7,1
6,48,8,3,1
6,71,5,5,1
6,76,9,6,0
1,71,7,7,0
7,95,5,1,1
8,69,7,0,0
3,57,6,4,1
2,65,7,4,1
1,52,5,8,0
7,55,7,1,0
3,71,4,5,0
2,60,5,7,0
9,85,4,5,1
6,97,5,7,1
5,95,8,8,0
1,95,5,1,0
3,41,9,6,0
7,58,8,6,0
8,64,4,1,0
7,73,9,3,1
4,67,6,8,0
5,74,7,1,1
8,90,8,4,0
9,90,6,9,0
3,86,8,0,0
8,65,8,7,0
1,74,6,5,1
9,80,5,4,1
2,40,9,8,0
3,81,7,9,0
1,77,6,7,1
8,44,5,6,1
8,41,7,5,1
4,95,5,8,1
6,54,7,3,0
1,52,9,1,0
7,57,5,5,1
1,58,4,6,0
9,74,4,4,1
8,78,4,0,0
8,50,8,6,1
7,98,7,4,1
6,80,9,5,1
2,46,6,8,1
8,97,7,9,0
6,54,4,9,0
2,55,4,7,0
7,84,9,6,0
1,44,8,8,0
8,65,6,7,1
2,76,7,1,0
4,82,8,2,0
9,56,4,4,0
5,55,6,6,0
6,51,7,3,1
4,93,9,4,0
7,89,8,1,0
9,79,5,3,1
3,76,4,0,1
4,73,7,4,0
8,94,8,7,1
2,64,5,4,0
5,96,7,3,1
7,97,9,8,0
7,56,9,8,1
6,56,9,5,0
7,80,4,8,0
7,93,8,4,0
9,80,6,4,1
5,82,8,9,0
7,74,8,7,1
1,71,6,6,1
3,95,7,1,1
5,47,8,4,0
1,76,9,4,1
9,88,6,2,1
9,54,7,8,1
3,95,8,7,0
2,83,7,3,0
3,75,5,9,1
6,66,9,8,0
9,62,6,3,0
4,87,9,2,1
7,41,5,3,0
7,74,5,9,1
7,86,9,3,1
2,79,8,3,0
5,94,5,3,0
7,62,8,5,0
2,79,5,8,0
5,91,9,9,1
6,99,5,2,1
2,72,9,1,1
6,87,5,4,1
3,62,5,1,0
4,51,9,2,0
6,77,6,1,0
2,65,5,8,0
7,71,8,6,0
9,86,7,0,0
9,73,9,0,0
4,87,8,8,0
8,91,6,7,1
7,49,6,8,0
7,44,5,2,0
7,47,4,2,0
7,99,4,3,1
8,76,5,8,0
5,70,8,0,1
7,70,6,7,1
2,71,7,1,0
6,78,6,5,1
3,98,7,7,1
6,99,6,4,0
7,53,8,7,1
1,69,7,0,0
7,73,6,1,1
2,42,4,5,1
6,74,7,6,0
1,98,5,2,1
6,59,8,5,0
6,92,9,8,1
8,83,4,0,1
5,58,6,3,0
3,99,6,6,0
7,63,6,5,1
3,42,9,4,0
2,99,9,8,1
7,84,8,3,1
9,57,7,1,0
3,68,5,3,1
7,96,5,5,1
7,50,4,1,1
8,62,9,4,1
1,81,6,6,1
8,53,4,5,1
5,89,6,0,0
6,67,5,3,1
1,85,9,6,0
8,64,6,7,0
2,95,4,6,0
1,90,7,5,0
2,79,7,9,1
4,86,4,4,1
1,92,6,8,0
2,45,5,0,1
3,48,5,3,1
6,42,4,6,0
1,42,5,6,0
2,49,6,0,1
3,40,7,6,0
6,86,9,1,0
4,81,7,6,0
1,48,8,3,0
5,67,8,0,0
5,84,7,3,1
4,53,6,7,0
8,46,6,0,0
1,97,4,3,0
9,87,7,7,0
5,52,8,5,0
5,75,4,0,0
7,91,5,2,0
1,74,8,5,1
3,63,7,8,0
9,46,5,9,0
5,71,6,5,0
9,88,8,9,1
6,43,9,6,0
1,53,6,3,1
3,95,4,9,1
6,42,8,4,0
9,79,8,7,1
7,80,5,8,1
1,90,5,5,1
6,59,8,5,1
1,79,5,8,1
2,81,5,9,1
6,75,7,2,0
1,96,7,6,0
4,91,8,7,0
3,73,9,9,0
8,80,8,8,0
3,88,5,6,1
7,49,6,6,0
7,45,9,7,0
7,49,9,1,0
6,48,4,9,0
5,40,4,9,0
3,69,5,9,1
4,61,6,0,0
9,77,9,8,1
1,85,8,0,1
3,67,5,3,1
9,49,9,3,0
6,50,5,5,0
9,87,6,1,1
9,88,9,3,1
9,52,4,2,0
8,94,7,7,0
8,47,5,6,1
1,73,6,2,1
4,60,5,7,0
2,58,8,4,0
3,58,5,6,0
7,89,7,9,0
4,52,9,0,1
9,67,9,7,1
5,41,7,0,0
1,83,5,8,1
1,67,9,4,0
2,60,7,3,0
8,64,7,6,1
7,94,4,4,1
4,86,7,9,0
6,59,7,7,1
7,74,9,4,1
7,74,9,2,0
5,53,7,2,1
6,97,8,1,1
5,69,8,5,1
5,54,6,3,0
7,59,9,4,0
5,46,8,9,0
9,74,9,8,0
1,47,5,1,1
8,82,8,5,0
4,82,8,8,1
9,98,9,3,1
8,92,8,3,1
9,62,4,1,0
9,50,6,7,0
4,90,5,0,1
8,86,9,2,0
9,41,9,4,0
6,42,6,8,0
4,47,4,8,0
2,87,8,7,1
3,54,8,3,0
8,71,9,0,0
2,45,4,3,1
2,51,4,5,0
7,60,5,6,1
8,61,6,9,0
1,58,9,4,1
6,66,9,0,0
5,54,6,8,1
3,89,4,4,0
8,60,7,2,0
3,58,8,8,1
4,96,7,2,0
7,40,6,9,1
2,72,6,5,0
1,42,9,5,0
8,95,9,4,0
7,75,4,1,1
1,73,7,9,1
9,62,5,8,0
7,60,7,2,0
2,91,5,9,0
4,69,9,1,0
6,47,9,5,0
4,93,4,6,1
3,48,6,9,0
4,45,9,9,0
7,91,9,2,0
2,70,5,1,0
4,46,5,1,1
9,95,6,7,1
7,73,5,1,0
5,52,7,9,0
3,92,8,2,0
5,65,5,7,1
7,63,6,3,0
8,76,9,2,1
6,45,4,4,0
2,80,5,0,1
5,71,5,4,0
7,64,4,8,1
3,75,4,1,1
4,42,7,2,1
7,94,9,4,1
6,77,8,6,0
2,41,7,4,1
8,45,8,7,0
6,62,9,0,1
2,78,8,0,1
3,95,9,9,1
7,40,9,3,1
6,73,6,0,1
3,65,4,0,1
7,50,7,7,0
9,70,9,9,0
7,62,8,0,1
1,83,8,5,0
3,59,8,6,0
6,99,8,3,1
7,54,4,6,0
1,99,5,0,1
2,90,4,4,0
9,95,5,0,1
2,40,9,1,1
4,59,6,7,1
3,46,4,9,1
9,94,7,3,0
3,60,4,4,1
4,78,6,3,0
5,66,5,0,0
6,47,4,9,1
3,80,9,1,1
4,79,4,6,1
6,47,4,6,1
7,46,9,5,0
3,88,8,5,1
6,66,7,3,1
8,60,6,4,1
7,47,5,6,0
2,43,6,9,0
8,85,4,5,0
3,73,9,8,0
1,60,7,5,0
8,78,8,7,0
5,78,6,4,0
2,53,4,7,1
2,73,8,0,1
3,67,4,3,0
5,66,7,8,1
1,73,4,3,1
5,64,8,8,0
3,97,6,0,0
5,53,8,8,0
9,92,5,3,1
4,71,8,9,1
5,88,8,6,0
4,42,9,2,1
1,69,8,6,0
6,63,6,2,1
7,49,6,6,0
9,82,9,4,0
6,73,9,5,0
3,91,7,1,1
1,94,8,4,1
8,51,7,2,1
8,78,7,0,0
4,66,6,9,0
7,47,8,5,0
7,71,8,8,1
3,95,9,7,0
9,74,8,6,1
9,50,6,5,0
8,44,9,3,1
6,46,5,3,0
3,46,4,6,1
6,87,5,3,0
7,64,4,7,1
6,57,9,2,0
3,46,7,1,1
5,47,8,9,0
1,65,8,9,0
2,89,4,3,1
9,44,4,0,1
3,62,9,4,0
9,52,5,4,1
9,87,7,2,1
7,72,8,6,0
9,81,6,8,0
5,69,8,1,0
6,41,7,4,1
5,69,9,4,0
8,82,4,6,1
5,50,7,3,0
9,73,9,3,0
6,56,5,3,0
6,93,8,2,1
2,93,9,0,1
7,72,7,2,0
7,96,7,4,0
9,76,6,5,1
6,87,8,7,1
1,90,8,7,1
8,44,5,1,0
7,90,7,2,1
4,84,4,3,0
8,54,7,8,0
9,41,7,6,1
1,62,5,6,0
1,92,9,9,1
8,88,5,7,0
4,40,4,0,1
6,52,6,4,1
3,74,7,7,0
8,74,7,0,1
3,65,9,6,0
5,70,9,0,1
7,47,6,7,0
8,57,7,6,1
1,98,8,2,1
3,83,8,4,0
7,67,5,5,0
8,55,6,2,0
6,77,9,8,1
8,96,7,0,0
6,63,8,8,0
7,58,4,7,0
5,89,7,7,1
2,72,8,2,0
8,43,9,3,0
9,40,5,0,1
5,98,9,0,0
6,94,5,0,0
5,52,4,5,0
3,69,8,6,1
1,65,4,6,1
2,89,8,3,0
7,43,8,0,1
9,96,7,4,0
5,71,8,0,0
9,73,8,7,0
7,40,8,6,1
5,53,7,9,0
2,65,9,9,0
2,62,5,3,1
2,57,5,8,0
1,62,4,0,1
8,72,9,6,0
6,90,8,0,1
3,62,6,5,1
1,65,9,0,0
1,49,7,9,1
5,78,5,5,1
3,81,6,9,1
9,60,4,5,0
2,40,8,2,0
2,48,4,2,1
4,61,8,5,1
6,42,9,7,0
7,48,8,8,1
9,44,5,8,0
7,97,8,9,0
5,80,5,6,1
5,88,4,6,0
8,61,8,7,1
9,59,9,5,1
4,44,9,0,1
6,58,7,4,0
8,53,9,7,1
6,61,5,5,0
2,91,5,3,0
2,56,5,3,1
8,89,8,2,0
1,54,5,4,1
5,59,4,2,1
7,68,4,8,0
2,99,7,8,0
8,63,8,7,0
8,95,9,6,0
4,66,9,3,1
4,99,9,8,0
9,91,5,1,0
8,92,4,6,0
9,55,6,3,1
7,70,7,1,0
1,70,9,4,0
4,89,6,2,1
5,85,6,3,0
2,65,4,2,0
3,85,9,7,0
9,51,6,8,0
7,55,5,4,0
8,40,5,1,1
2,88,9,6,1
1,43,9,0,0
8,52,9,2,1
4,64,8,8,1
1,93,6,7,0
2,95,6,2,1
9,41,9,2,1
8,86,6,4,1
9,50,9,9,0
8,68,5,5,1
9,86,6,5,1
5,68,9,4,1
4,95,6,7,0
7,75,6,6,0
8,77,7,0,1
7,73,4,9,0
4,93,8,8,1
6,48,6,6,1
6,63,8,0,0
4,94,4,3,1
2,44,4,5,1
6,54,8,0,0
4,97,9,3,1
8,88,8,2,0
3,63,6,9,0
6,76,9,9,1
3,75,9,3,1
3,88,8,6,0
7,75,8,8,1
8,89,8,2,1
5,59,8,6,1
1,91,8,4,0
9,62,9,8,0
9,57,4,4,0
7,44,6,6,1
7,62,8,7,1
9,83,6,5,0
5,99,4,0,1
6,58,9,8,1
6,53,5,7,1
6,87,9,1,1
6,87,6,1,1
2,60,4,9,0
4,57,7,2,1
1,81,7,5,1
6,45,4,2,0
6,70,9,2,0
9,71,5,0,1
3,98,4,3,0
2,44,9,5,0
1,83,7,6,0
8,94,5,3,1
2,64,6,8,1
3,57,8,4,1
1,55,4,3,0
8,92,6,2,0
7,97,6,5,0
7,79,7,5,0
2,99,7,6,1
2,51,9,7,1
8,62,7,6,0
8,62,4,3,0
2,78,7,2,0
5,41,8,0,1
7,56,8,2,1
6,99,8,3,1
1,68,5,5,0
6,42,6,6,1
6,45,5,6,0
3,88,5,8,0
7,47,9,6,1
6,46,4,4,1
3,97,9,9,0
6,44,6,3,0
5,59,9,0,1
8,92,4,7,1
4,62,5,4,0
4,81,4,6,0
4,84,5,3,0
1,85,5,5,1
7,64,8,6,1
5,56,5,6,1
5,60,9,0,1
8,91,9,5,0
7,50,7,2,0
9,81,8,4,0
9,70,8,5,1
4,98,9,8,1
6,54,5,5,1
7,88,9,8,0
4,69,9,9,1
8,69,6,7,0
6,61,5,4,1
3,86,4,5,1
6,98,8,0,0
2,54,9,8,0
4,71,6,5,0
5,97,5,2,0
3,64,4,8,0
7,51,6,6,0
3,64,9,1,1
4,91,9,5,0
3,42,9,3,0
1,67,7,2,1
4,79,9,8,1
2,95,9,7,1
4,43,7,6,1
4,79,5,2,0
5,93,5,1,0
1,93,4,2,0
3,99,4,2,1
8,56,5,2,1
1,60,9,5,1
4,60,4,1,0
5,97,6,4,0
5,85,8,2,1
7,51,8,2,0
2,60,8,0,1
4,76,6,3,0
2,49,6,3,0
1,79,8,8,1
8,43,5,5,0
8,83,9,5,0
6,57,9,8,1
8,56,5,4,0
6,74,8,9,0
4,80,8,0,0
5,65,8,0,1
9,52,9,6,1
3,63,4,9,1
5,72,7,0,0
2,54,8,1,1
4,73,4,8,1
7,52,8,4,0
7,97,4,9,1
7,79,9,5,1
1,77,6,1,0
5,75,9,8,0
1,92,9,6,1
5,56,8,2,1
5,82,5,2,0
9,96,7,8,0
7,95,9,6,0
3,78,7,3,1
7,92,6,6,1
6,67,5,2,1
3,90,8,6,1
8,86,5,3,1
1,41,8,8,1
4,44,6,9,1
7,90,7,2,0
9,88,9,9,1
6,46,9,5,1
4,59,8,4,1
5,94,8,9,1
9,46,9,0,1
2,98,4,2,0
6,42,5,5,0
2,85,9,3,1
4,83,6,4,1
9,93,4,4,1
6,46,5,5,1
7,68,7,1,0
3,48,9,3,1
8,71,8,9,0
3,49,8,2,0
6,58,4,8,1
3,81,9,9,0
1,91,5,0,1
6,56,7,0,1
5,67,9,0,1
4,97,6,3,0
8,88,5,2,1
1,77,7,8,1
9,57,7,5,1
6,59,7,5,0
2,61,9,0,1
9,84,6,1,1
5,73,5,3,1
2,45,7,1,1
4,43,7,1,0
1,59,8,5,1
9,63,9,3,0
7,83,5,7,0
5,43,6,4,1
3,88,8,9,0
6,55,5,1,0
8,48,8,2,0
1,84,7,2,0
2,75,4,9,0
6,47,6,7,0
2,68,7,1,0
2,71,9,9,1
7,51,5,0,1
6,44,4,0,1
1,91,6,2,1
7,99,6,2,1
4,64,8,6,0
7,56,7,5,0
2,70,8,8,1
5,90,5,4,1
7,71,4,7,1
9,87,6,3,1
7,89,4,6,0
3,78,8,4,1
1,67,9,4,0
6,43,5,3,0
3,82,9,3,0
1,43,9,8,1
2,60,9,1,1
3,78,4,2,0
5,49,6,6,0
5,65,9,0,0
8,97,5,7,1
5,94,5,5,1
3,40,6,1,0
7,94,6,6,1
5,54,9,4,0
8,63,8,7,0
6,78,6,5,0
2,91,5,2,1
7,42,9,1,1
7,74,8,9,0
8,71,9,1,1
8,44,8,4,0
1,53,9,9,1
8,83,7,8,1
9,72,7,5,1
7,66,8,2,0
5,88,8,5,1
5,79,9,8,0
4,59,6,6,0
9,55,7,5,1
9,84,8,5,0
5,73,7,4,0
4,87,5,4,1
9,60,5,4,0
5,68,4,1,1
9,80,9,2,0
6,69,9,5,1
7,51,6,8,1
3,53,6,7,0
7,60,5,8,0
9,73,7,0,0
1,56,8,9,1
5,75,6,6,1
7,72,5,7,1
2,66,9,7,0
6,91,8,4,0
1,92,7,7,1
2,98,6,7,1
2,93,8,4,0
1,81,6,6,0
9,59,7,3,0
2,76,9,5,0
7,92,4,7,0
4,71,7,8,0
5,72,7,3,0
7,91,6,3,1
7,76,4,6,0
1,96,5,1,1
7,94,4,0,0
6,81,4,2,0
3,69,4,4,0
3,68,9,0,0
3,44,6,7,1
5,40,6,7,1
8,59,7,3,0
2,61,7,7,1
8,49,5,6,0
9,68,6,7,0
5,42,6,6,1
9,74,6,5,1
3,43,6,1,0
8,61,7,2,0
7,94,7,4,1
6,51,9,9,1
6,42,8,2,1
8,92,6,5,0
8,88,7,4,1
5,40,5,3,1
1,95,7,1,1
8,59,4,4,0
5,56,7,8,0
6,89,4,8,1
4,80,5,3,0
3,57,9,0,1
3,41,9,8,0
4,74,8,9,0
4,93,6,5,0
8,40,9,8,0
5,86,8,8,1
4,58,4,9,0
4,60,8,4,1
8,62,9,7,0
4,65,6,5,0
6,61,6,2,0
4,50,4,6,0
3,49,4,5,1
6,96,8,1,1
4,79,4,4,1
9,93,8,2,1
5,53,9,5,0
3,67,8,9,1
8,79,7,9,1
3,66,5,8,0
2,55,5,7,0
1,95,8,5,1
6,92,7,3,0
3,91,7,6,1
6,53,5,3,1
1,42,9,7,1
1,84,8,5,1
3,44,6,6,1
8,55,5,9,1
2,69,8,8,0
1,42,4,7,0
4,41,9,7,1
3,89,9,2,1
8,94,8,6,1
8,48,4,7,1
4,57,4,8,1
1,88,5,9,0
8,47,4,9,0
9,59,9,8,1
7,64,6,7,1
3,67,6,0,1
8,49,6,4,0
9,79,6,8,0
9,86,5,2,0
7,57,5,3,1
9,93,6,7,1
6,71,8,6,0
5,77,9,6,1
6,97,9,3,0
6,66,6,1,0
6,97,5,3,0
1,81,6,8,1
2,60,4,5,0
2,56,6,0,0
4,73,7,0,1
1,70,4,7,1
3,49,7,5,0
5,71,6,9,0
9,83,6,4,0
9,92,9,4,1
1,72,8,9,1
9,40,5,3,1
4,67,9,3,0
8,81,5,0,1
8,67,6,1,0
2,67,8,2,0
6,44,9,3,0
1,43,6,4,0
9,78,5,1,1
5,87,5,9,1
7,47,9,9,0
1,55,7,3,0
5,81,5,3,1
6,68,5,1,0
1,97,9,8,1
6,87,7,1,0
8,91,8,6,0
1,75,7,8,0
4,51,9,5,1
7,80,5,0,0
3,79,6,6,0
9,57,8,1,1
4,93,6,7,0
3,40,7,7,0
1,71,8,1,1
9,82,6,5,0
8,54,6,6,0
3,74,6,0,1
2,59,7,9,0
1,75,5,9,0
3,43,6,4,1
3,93,5,6,0
9,52,9,9,1
1,55,7,1,1
1,60,8,3,0
2,72,9,3,1
9,41,4,4,1
7,96,9,6,0
9,58,7,8,0
8,59,9,2,0
3,75,9,8,1
2,94,8,0,1
8,47,6,8,1
9,89,6,4,1
5,89,9,0,0
3,46,8,4,1
9,79,7,8,1
7,67,8,3,0
3,56,5,7,0
2,76,6,1,1
9,80,4,8,1
5,54,8,9,1
5,49,7,2,1
8,87,8,2,1
4,49,6,7,1
7,91,8,2,0
6,77,8,0,1
2,46,4,7,0
6,79,5,5,0
6,42,6,6,1
5,52,6,3,0
9,70,9,3,1
2,84,7,4,0
2,55,4,4,1
3,42,8,9,1
3,47,7,1,0
6,73,9,3,0
4,44,8,8,0
6,85,7,0,1
9,64,7,9,1
5,87,6,3,1
4,68,7,4,0
1,78,9,7,1
9,92,8,5,0
6,61,7,6,0
4,50,6,6,1
1,55,7,9,0
6,77,7,1,0
3,40,9,5,1
6,96,4,1,0
3,68,4,5,0
5,54,8,2,0
2,61,8,2,1
8,73,4,7,1
7,63,5,6,0
7,71,9,4,0
6,81,4,9,0
7,67,8,4,1
3,47,7,4,0
3,82,4,3,1
6,90,8,4,0
5,87,4,7,1
1,43,6,9,0
4,73,8,7,1
9,95,8,0,0
6,83,6,6,1
8,78,9,1,1
4,63,5,5,0
2,88,4,8,1
8,94,6,9,0
5,49,4,7,0
3,77,5,2,0
8,59,6,6,1
6,71,7,9,0
1,67,8,5,1
1,49,4,2,1
4,67,5,6,0
3,54,8,8,0
1,75,9,4,0
3,80,4,1,0
3,69,9,5,0
4,98,7,3,0
3,44,4,0,1
1,61,4,0,1
7,62,4,9,1
6,45,4,5,1
1,78,8,6,1
9,41,9,8,0
8,96,9,6,0
1,77,6,9,0
5,96,4,4,1
5,89,9,7,0
7,83,9,5,1
2,84,5,9,0
3,72,4,0,1
6,75,7,0,1
4,54,8,5,0
4,61,5,3,1
8,46,8,8,1
9,57,5,7,1
1,93,5,3,1
8,43,5,9,0
2,97,8,7,1
2,61,8,7,0
6,99,7,6,0
4,63,5,3,1
5,93,4,6,1
4,99,6,8,0
9,77,8,7,1
2,82,5,9,1
2,61,5,6,1
9,54,7,7,1
1,45,8,2,1
4,89,6,3,0
5,85,4,8,0
2,83,9,1,1
9,61,8,3,0
9,56,5,7,0
7,67,6,5,0
2,53,7,2,1
1,94,6,4,1
5,72,9,2,1
4,66,4,0,0
9,68,6,4,0
1,49,9,4,0
5,48,9,0,0
4,91,6,8,1
2,54,5,7,1
1,43,8,6,0
9,44,4,4,1
1,59,6,7,1
5,88,5,6,0
5,99,4,8,0
7,58,6,4,1
4,78,7,9,0
9,74,4,6,1
5,75,6,6,1
8,84,9,2,0
1,68,4,1,0
2,88,4,9,1
1,78,4,8,1
2,96,8,1,1
2,98,8,3,0
9,89,6,3,0
3,82,6,4,0
9,95,6,0,1
1,81,8,8,1
6,67,8,5,0
4,82,6,6,0
4,42,7,2,1
4,67,4,8,0
4,79,9,0,0
8,93,8,5,0
3,87,8,7,1
2,86,5,2,0
4,64,8,3,1
3,61,6,3,0
4,48,7,4,0
7,72,5,1,1
1,61,8,6,1
7,67,8,6,1
3,49,4,4,0
9,64,5,3,0
8,51,6,8,1
8,61,9,4,0
8,86,9,3,0
5,41,4,6,1
2,71,7,7,0
4,92,9,6,0
6,48,5,6,1
9,82,6,8,1
9,49,6,2,0
4,77,7,7,0
6,95,6,7,0
8,67,4,3,1
2,54,5,3,0
8,98,4,9,0
6,45,6,3,0
1,78,7,5,0
3,59,4,5,1
3,62,4,4,0
5,63,4,0,1
3,56,7,9,1
6,94,4,5,1
8,99,5,5,0
7,54,6,3,1
8,79,6,4,1
9,78,9,0,0
4,66,8,7,0
5,95,6,7,1
7,74,8,2,1
1,71,8,3,1
6,42,8,6,0
8,62,8,3,1
9,59,8,6,0
5,91,4,4,0
4,92,6,2,0
7,80,4,9,1
1,63,4,4,1
8,63,9,8,1
6,99,5,3,1
4,95,5,6,1
9,79,4,7,0
5,82,8,7,1
6,85,5,1,0
7,93,5,2,1
3,66,8,6,0
1,59,7,6,0
7,47,7,6,0
9,78,8,2,1
1,65,4,0,0
7,73,9,9,0
6,90,4,0,0
1,40,6,6,0
9,89,4,7,0
1,82,8,7,0
9,83,4,1,1
7,57,8,9,0
3,86,6,9,1
6,55,7,7,0
6,55,8,6,1
8,45,7,5,1
9,75,7,9,1
9,49,9,2,1
2,86,6,2,1
9,79,6,5,1
4,63,9,7,1
9,74,4,7,0
3,80,5,7,0
1,85,6,9,1
2,61,4,8,0
5,89,6,7,1
6,44,8,4,0
2,94,9,5,0
5,68,5,6,0
1,74,7,5,1
4,79,7,0,0
9,62,8,9,1
9,77,9,8,1
3,52,8,6,1
7,63,7,8,1
6,86,4,2,0
6,72,5,1,1
2,97,7,0,0
5,58,6,0,0
6,97,8,7,0
5,78,7,4,1
8,58,8,2,1
6,76,6,4,1
3,68,9,6,0
7,83,7,9,1
1,86,5,9,1
5,70,5,3,0
3,75,7,8,1
5,42,5,1,1
4,96,6,6,1
2,97,4,4,1
4,90,8,0,0
6,72,5,4,0
2,61,6,5,1
3,77,6,9,1
2,76,6,1,1
3,61,9,9,0
5,54,7,7,0
1,96,9,6,0
5,89,7,9,0
9,57,7,9,0
2,64,5,2,0
8,80,8,4,1
8,75,9,8,0
3,67,9,4,0
6,75,9,4,0
9,85,8,1,1
3,40,7,9,1
4,78,9,6,0
5,64,4,0,1
9,49,8,7,0
5,51,7,7,0
6,91,4,8,0
3,90,5,8,1
9,86,7,6,1
1,98,9,3,1
1,50,5,3,1
3,71,8,4,1
7,83,4,2,1
3,59,6,3,1
5,75,9,7,0
3,86,7,8,0
9,72,7,2,0
5,84,9,2,0
3,41,7,3,1
3,52,4,9,1
1,64,6,3,1
9,93,4,4,1
8,96,9,5,0
4,79,8,5,0
5,52,7,4,1
2,41,6,5,0
4,95,9,4,1
7,97,5,2,1
8,96,6,1,1
4,45,7,0,1
3,45,6,0,0
5,63,7,4,1
9,59,8,9,1
2,58,5,9,1
3,85,5,0,0
9,48,8,1,1
8,92,9,2,1
3,80,4,5,1
8,86,6,9,0
7,98,7,9,1
9,93,6,1,0
9,84,9,2,1
8,48,9,4,0
2,47,7,3,1
5,55,4,6,0
2,92,8,5,0
8,52,4,5,0
7,62,7,4,1
3,48,9,3,1
8,91,7,1,0
4,81,6,3,1
3,59,8,5,1
8,57,5,1,1
7,42,4,6,0
3,68,7,6,1
9,43,6,6,1
6,75,8,4,0
2,79,6,3,1
9,72,5,2,1
2,91,7,7,1
5,58,8,2,0
4,55,5,5,0
5,94,9,6,1
7,57,7,7,0
4,58,4,5,1
8,75,8,0,0
8,87,5,0,0
9,42,8,0,1
9,53,6,9,1
2,88,5,4,0
1,56,8,3,1
3,97,5,3,1
1,98,8,2,0
5,95,6,4,0
1,62,7,1,0
3,84,9,4,1
4,76,8,5,1
9,59,8,2,1
5,99,8,9,1
8,46,9,6,1
9,79,6,5,0
7,48,5,5,1
7,95,5,6,1
9,87,4,9,0
4,43,6,7,0
3,85,8,0,0
8,79,8,4,1
9,52,9,7,0
3,75,4,8,0
3,40,9,4,0
7,87,5,4,0
2,88,4,8,0
2,83,4,5,1
8,97,9,5,1
3,81,4,2,0
8,85,5,8,0
3,47,6,7,1
4,46,9,0,1
9,47,8,2,1
4,86,8,7,1
9,45,5,8,0
7,77,9,8,0
8,95,9,2,0
5,70,6,9,1
2,92,6,4,0
2,47,9,1,0
3,43,9,0,1
3,85,9,8,1
3,40,8,9,1
9,59,4,5,1
2,55,6,8,0
3,50,4,1,0
9,62,7,5,1
9,77,7,1,0
9,60,7,4,0
2,69,6,7,1
6,95,7,7,1
9,98,7,4,1
7,62,4,3,0
9,97,7,8,1
7,54,5,6,1
9,44,7,8,0
2,89,9,0,0
8,53,8,3,1
9,96,9,3,0
8,67,9,5,1
7,82,6,9,1
8,47,7,9,0
8,63,6,3,1
9,65,7,8,0
8,58,6,7,0
5,66,6,1,1
5,48,5,7,0
2,69,8,6,1
2,58,4,4,1
1,91,9,9,0
5,77,7,9,0
3,78,7,8,0
4,53,6,2,1
4,59,4,6,0
8,50,7,9,0
6,81,7,5,1
8,70,5,4,0
3,47,7,3,0
7,90,9,8,0
1,95,9,0,1
3,82,4,2,0
6,40,5,2,0
7,86,9,6,1
5,79,9,1,1
6,99,9,4,0
4,85,5,3,0
5,40,6,5,0
3,46,6,1,1
5,65,8,9,0
3,62,5,2,0
5,59,9,0,1
6,41,6,4,0
8,81,5,7,1
9,87,4,3,0
2,81,5,8,0
1,83,8,0,0
1,73,5,8,0
2,91,7,6,0
9,54,8,2,0
6,89,4,5,0
8,54,6,4,0
6,97,7,6,1
5,60,4,2,0
5,51,7,1,1
1,57,6,1,1
9,41,7,5,0
8,54,6,1,1
2,80,4,4,1
1,52,7,0,0
2,65,9,1,1
2,66,6,3,1
2,77,7,5,0
6,54,4,5,1
9,89,4,4,1
4,56,5,2,1
2,97,9,7,1
5,44,9,2,1
5,97,7,4,1
9,89,6,9,1
4,84,5,7,0
6,68,9,6,0
9,71,6,5,1
6,66,7,7,1
4,99,7,1,0
7,90,5,7,1
9,48,7,7,0
4,58,6,4,1
5,42,8,8,0
4,40,8,5,1
5,99,5,1,0
8,47,5,0,0
6,44,9,9,0
2,60,9,4,1
3,90,8,2,1
2,73,7,8,0
2,76,8,8,1
9,53,9,6,1
3,60,8,1,1
2,71,6,7,0
1,72,5,8,1
3,67,8,2,1
2,97,9,7,1
4,99,6,2,0
3,66,6,6,1
6,91,4,9,1
3,65,8,0,0
6,42,5,3,1
2,46,6,5,0
9,54,7,3,1
9,91,5,1,1
6,70,6,0,0
8,71,9,6,0
9,89,4,8,0
4,87,9,2,1
6,40,9,7,1
3,57,6,3,0
2,96,4,7,0
9,53,9,1,1
1,76,4,9,1
7,69,5,4,0
9,94,8,0,0
2,78,4,2,1
9,81,7,9,0
8,49,6,3,1
7,69,9,3,0
3,46,5,0,1
1,81,4,9,1
4,89,4,9,1
2,75,6,4,0
7,50,5,0,1
9,88,5,6,0
1,61,7,6,1
9,87,4,6,1
3,88,8,7,0
4,54,5,9,1
4,85,7,2,1
8,80,8,2,0
5,77,6,1,0
1,74,4,1,0
6,68,6,3,0
9,59,7,4,0
3,99,9,0,0
5,72,7,1,1
6,77,9,9,1
5,86,5,1,1
6,50,5,2,0
7,47,9,6,1
7,42,7,2,0
8,92,4,4,0
7,79,7,3,0
5,76,6,6,0
2,43,6,1,1
5,93,6,4,0
8,66,6,8,0
4,62,9,3,1
1,64,7,2,0
9,61,5,6,0
5,99,8,3,0
6,52,6,4,0
6,89,4,2,0
6,66,4,5,1
6,64,5,1,1
5,84,5,9,1
2,48,8,3,1
8,78,7,0,0
2,65,5,6,0
3,43,7,7,1
9,67,5,5,0
3,69,8,2,0
1,42,9,9,1
7,77,8,7,0
4,61,4,0,1
9,53,9,7,0
9,41,4,9,1
4,75,7,1,0
9,43,7,4,0
3,57,5,4,0
6,60,6,1,0
4,42,9,9,1
1,80,7,1,0
7,74,8,1,0
8,93,7,1,0
6,92,8,2,0
6,81,9,9,0
7,70,7,3,0
6,70,9,6,0
2,66,6,3,0
7,99,8,7,0
8,73,5,6,1
6,92,7,9,1
5,49,7,0,1
5,66,6,5,0
2,78,7,8,1
3,76,8,1,1
2,70,6,2,0
3,85,5,0,0
2,61,7,8,0
5,63,6,9,1
6,90,6,2,0
6,49,5,7,0
1,53,6,8,0
8,95,8,9,1
6,68,4,8,1
4,60,6,0,1
8,96,5,9,1
4,95,6,0,0
6,79,6,9,0
7,85,9,7,1
8,92,8,8,0
8,46,6,0,0
8,66,7,5,0
1,80,5,2,0
2,93,4,2,0
7,47,6,6,0
9,41,4,5,0
2,56,9,1,0
8,45,5,3,0
8,81,5,1,1
4,45,8,7,0
7,79,5,9,0
2,86,6,5,0
2,68,8,3,1
5,51,7,3,0
2,80,6,1,0
9,63,8,3,1
2,86,4,7,1
6,58,9,4,1
9,65,4,7,1
6,47,7,6,1
2,41,8,8,0
9,74,8,4,1
8,73,5,3,0
2,46,9,8,0
7,69,5,3,0
7,56,4,0,0
1,96,8,2,0
3,87,5,9,1
6,58,5,7,1
4,89,7,1,0
7,76,6,8,0
8,95,8,3,1
3,66,8,0,1
5,79,8,0,0
5,75,9,6,0
9,54,8,1,0
1,78,6,0,0
7,82,6,6,1
9,87,9,3,1
4,41,6,1,1
5,46,7,9,1
6,70,7,6,1
3,57,9,2,0
7,47,7,9,0
4,91,4,3,1
6,93,5,6,1
5,67,8,9,0
1,56,4,6,1
2,98,6,3,1
4,54,9,7,1
4,53,5,4,1
4,49,7,7,0
8,76,8,1,1
1,54,4,1,0
6,56,7,1,1
9,41,6,2,0
3,61,6,3,0
4,85,4,2,0
5,46,4,6,0
6,43,6,0,0
3,64,5,1,0
6,71,5,1,0
1,63,8,3,1
5,74,8,4,0
6,76,5,8,1
7,43,7,0,1
3,63,6,2,1
5,77,4,2,0
2,86,9,7,0
6,53,5,5,0
8,74,5,5,0
8,75,4,3,0
4,52,5,0,1
3,83,8,0,0
4,90,8,1,0
9,42,7,5,1
3,86,4,1,1
3,54,8,7,0
2,44,6,3,0
9,61,9,6,0
4,52,5,5,0
8,51,4,9,1
5,50,8,3,1
7,90,6,0,1
9,94,8,5,1
3,77,6,2,0
5,89,7,0,0
1,98,4,6,1
7,96,4,8,0
5,50,4,5,0
5,57,6,7,1
6,88,4,1,1
2,62,5,1,0
7,44,4,8,0
4,97,9,7,1
4,76,9,1,1
9,63,4,9,1
4,70,5,4,0
1,45,5,0,0
4,96,4,8,1
3,71,5,9,1
3,75,6,5,0
7,90,4,8,1
2,83,4,1,1
8,93,9,8,1
8,83,9,6,1
2,47,5,3,0
8,53,7,1,0
9,77,5,4,0
5,54,8,2,1
2,71,7,0,0
9,62,4,5,1
1,55,5,7,1
7,69,4,1,1
1,45,4,0,1
4,85,7,2,1
5,85,5,9,0
7,46,7,8,0
5,82,8,5,0
6,92,6,9,1
7,67,9,3,0
7,75,6,7,0
1,59,5,3,1
1,95,6,9,0
2,84,8,0,0
2,78,5,3,1
9,63,9,5,0
1,84,8,8,1
5,74,4,4,0
2,84,8,1,1
9,91,5,3,1
4,74,5,5,1
4,53,6,5,1
4,80,7,8,0
4,82,6,6,0
7,62,8,8,0
5,73,5,1,0
3,91,9,8,1
5,86,6,4,1
6,49,8,3,1
9,63,9,6,1
3,50,8,0,1
3,58,8,4,0
7,49,5,3,0
1,50,7,6,1
3,41,6,1,1
6,88,6,4,1
7,65,6,5,1
1,66,5,9,1
9,67,5,7,1
7,43,5,1,1
2,70,9,9,1
8,56,7,3,1
6,86,4,9,1
5,61,7,0,1
1,93,8,3,0
1,76,8,5,0
2,60,9,7,1
2,90,9,7,0
8,75,8,9,1
7,64,5,8,1
3,85,9,8,1
1,91,8,1,0
2,68,7,6,1
3,54,6,6,1
1,89,7,1,0
7,75,8,1,0
4,80,5,1,1
1,42,5,9,0
9,71,7,0,1
7,70,9,3,1
1,67,7,3,0
9,91,5,8,0
9,58,9,1,0
1,49,5,9,1
8,66,4,4,1
9,86,9,1,0
9,96,7,4,1
1,67,6,8,0
9,53,6,5,1
1,41,5,4,1
7,63,9,6,0
3,81,8,8,0
6,56,9,8,0
3,84,7,0,1
8,44,8,2,0
3,74,8,4,1
8,87,7,8,1
9,89,9,9,0
1,71,9,6,0
8,97,4,9,0
9,57,7,8,1
3,70,5,4,0
6,69,5,6,0
9,45,8,4,1
2,63,4,5,1
7,58,4,5,1
6,96,9,0,1
6,91,5,2,1
5,96,4,9,0
2,44,5,9,1
1,80,4,3,1
6,87,9,2,1
9,74,7,9,1
2,66,9,2,0
1,66,7,1,1
8,82,4,0,1
5,82,7,3,0
2,54,4,7,1
1,48,6,9,1
7,42,8,1,1
3,53,5,1,1
9,65,9,8,1
1,73,7,4,1
1,40,9,2,0
9,99,5,6,0
8,59,5,3,0
3,70,5,2,1
1,50,5,7,1
2,73,6,0,0
8,63,9,0,0
7,48,9,8,1
2,43,8,6,0
3,40,4,0,0
8,62,9,3,0
9,65,8,2,1
9,63,9,5,0
8,85,5,1,1
4,96,4,1,1
6,96,8,9,0
6,77,8,2,0
5,91,9,1,1
6,84,5,6,0
4,72,8,4,0
6,87,5,2,0
5,41,9,6,1
6,42,5,8,1
1,70,6,9,1
8,57,7,0,1
9,92,7,2,1
8,71,9,1,0
5,81,6,5,0
3,54,6,7,1
3,54,7,6,0
1,87,7,5,0
9,92,9,6,1
6,80,5,5,1
6,60,6,8,1
9,83,6,5,1
9,57,9,3,0
3,94,9,3,1
3,81,8,7,0
4,84,4,5,1
1,50,6,6,0
8,73,4,9,1
7,74,8,0,0
9,64,4,3,0
1,45,6,7,0
2,86,7,4,0
5,70,6,5,1
2,48,6,2,1
3,55,6,2,1
9,57,5,0,0
3,65,4,6,1
1,95,7,4,0
3,90,4,5,1
9,83,4,2,1
3,88,8,3,1
8,54,4,6,0
5,79,5,8,1
5,72,9,2,1
7,80,7,5,1
7,98,6,9,0
2,73,8,9,0
1,44,5,5,0
8,77,4,5,0
4,70,9,2,1
2,63,7,6,1
6,62,5,1,1
1,85,9,7,1
3,56,5,8,1
9,56,7,9,1
6,87,4,2,1
6,65,8,4,1
6,93,9,3,0
5,86,8,7,1
9,52,8,0,1
1,76,6,5,1
6,91,6,7,0
1,89,7,5,1
7,64,6,8,1
4,70,6,5,1
7,73,5,6,1
7,80,8,3,0
8,92,5,3,0
1,58,6,7,0
9,56,6,6,1
2,80,7,2,1
4,67,6,2,1
4,74,5,0,1
7,99,6,7,1
3,50,9,5,0
8,50,8,7,0
6,64,8,8,1
2,53,4,4,0
9,98,4,5,1
4,81,6,4,1
7,56,9,1,0
1,63,9,2,1
6,81,7,9,1
5,45,7,2,0
8,63,5,0,1
3,43,6,7,1
3,83,4,1,1
9,58,9,1,0
1,78,4,2,0
4,98,4,6,1
6,52,5,0,1
1,94,4,5,0
4,56,9,9,1
6,86,8,5,0
4,89,4,0,1
3,70,8,3,1
7,86,6,4,0
8,64,6,1,1
7,77,9,0,0
9,73,5,5,0
2,56,8,9,0
7,47,7,6,0
8,57,8,5,0
8,67,4,5,1
9,49,8,2,0
7,60,7,7,0
5,81,5,7,0
4,60,5,5,1
1,46,9,9,0
8,63,6,6,0
7,65,8,7,1
7,41,6,9,0
8,58,6,1,0
4,63,5,4,1
2,84,8,9,0
8,48,9,8,0
8,44,8,4,0
6,99,8,5,1
2,83,8,7,1
6,83,5,0,0
9,58,5,1,1
1,91,5,1,0
5,82,9,4,0
4,72,8,0,1
5,85,9,5,1
7,41,5,1,0
7,64,7,0,1
5,65,4,9,0
3,72,6,7,1
9,46,8,3,1
2,52,6,0,0
6,49,7,7,1
3,66,8,2,0
3,82,8,0,1
5,86,6,8,1
3,92,8,8,0
1,88,4,5,1
1,59,8,5,0
5,71,4,5,1
1,98,5,5,1
7,42,8,2,0
3,72,9,2,1
9,61,4,7,1
1,82,6,6,1
2,72,4,1,0
2,67,6,4,0
7,75,4,1,0
8,71,8,7,1
3,72,4,1,1
5,79,8,5,0
1,68,8,3,0
5,84,4,3,1
3,74,9,6,1
7,44,5,4,0
4,49,6,4,1
4,70,6,8,1
2,76,9,5,0
2,82,8,0,0
1,72,7,8,0
1,40,5,6,0
7,65,8,9,1
9,87,4,3,0
5,89,5,2,1
2,99,6,6,1
2,71,4,8,0
1,54,7,7,1
5,84,5,2,1
8,70,7,3,1
1,57,9,1,1
6,41,9,1,1
1,95,8,1,1
1,62,8,9,1
7,50,5,6,0
8,99,6,7,1
5,85,9,7,0
8,62,6,8,0
8,47,8,7,0
4,51,9,6,0
6,88,5,7,1
2,67,4,4,1
6,42,5,0,0
9,93,8,9,0
4,66,8,6,0
2,51,6,6,0
5,79,4,3,0
9,70,9,1,1
9,92,7,0,0
7,57,5,2,0
5,87,6,8,1
4,91,9,9,0
5,42,7,7,0
5,40,6,0,0
1,40,7,6,1
2,54,4,9,1
5,74,4,6,1
6,60,9,6,1
3,53,6,2,0
7,89,6,9,1
4,83,7,2,1
4,55,9,7,1
2,92,9,6,0
2,78,5,9,1
1,65,5,0,1
2,49,6,9,1
6,68,7,2,0
6,64,6,8,1
5,61,6,2,1
3,60,5,9,1
1,95,8,6,0
3,44,8,8,0
8,59,5,7,1
9,87,7,3,1
2,74,6,2,0
1,82,7,6,0
8,83,9,9,0
4,85,5,5,1
1,67,8,8,0
6,44,7,7,1
7,76,7,3,0
1,68,6,4,0
1,57,5,0,0
9,69,5,6,1
7,82,9,2,0
7,56,9,2,0
6,98,8,2,0
4,68,8,8,0
2,77,9,3,0
9,85,4,0,1
8,51,4,6,1
3,69,6,2,1
4,86,6,8,0
7,62,4,2,0
2,62,5,0,0
7,55,9,1,1
4,93,6,9,1
2,84,9,1,1
8,85,9,2,0
7,79,8,3,0
7,56,6,0,0
4,44,6,5,1
5,48,5,3,0
7,72,8,1,0
9,98,4,1,0
4,58,4,7,1
6,40,4,9,1
3,56,9,3,0
8,42,7,4,1
7,93,6,1,0
3,97,8,0,1
8,79,6,8,1
9,48,9,8,0
5,66,5,5,0
9,98,7,6,0
9,82,5,8,0
6,86,7,5,1
9,56,6,9,0
3,80,5,6,0
9,66,9,6,1
2,74,8,3,1
2,61,5,6,0
5,93,4,9,1
6,95,8,7,0
9,45,6,8,1
1,80,7,1,0
9,95,4,2,0
9,68,9,3,0
6,93,6,2,0
2,81,7,6,1
7,40,8,9,1
1,48,5,3,1
9,60,5,5,0
3,97,6,5,1
4,86,6,5,0
4,48,5,1,0
7,61,8,0,1
9,76,9,2,0
1,71,9,6,1
6,99,4,1,0
1,71,5,2,1
6,95,4,9,1
7,93,5,7,1
8,66,6,9,0
4,48,9,6,1
8,91,7,2,1
4,47,6,0,0
9,40,9,4,1
3,92,9,7,1
5,89,5,6,1
1,88,8,5,0
8,56,4,9,1
7,55,4,3,0
9,62,5,3,1
7,67,5,2,0
3,53,8,8,0
4,59,9,6,0
3,52,4,1,0
7,79,5,8,0
2,62,9,7,0
2,58,9,7,0
2,59,6,4,1
8,96,8,3,0
5,96,8,0,0
5,60,9,0,0
7,52,9,4,0
2,65,9,0,0
8,78,5,7,1
8,85,4,7,1
6,56,6,4,1
9,76,9,6,1
1,98,7,9,0
7,47,6,9,0
2,89,6,5,0
7,80,9,7,1
6,70,7,4,0
2,54,6,9,1
5,49,9,1,0
8,58,5,3,0
1,93,9,2,1
2,94,7,5,0
2,60,4,5,0
6,64,4,4,1
4,60,8,2,1
8,75,9,7,0
9,50,5,8,0
8,64,5,7,0
5,74,9,4,0
1,74,8,3,0
9,85,8,7,0
4,99,9,3,0
9,55,4,4,0
9,84,4,3,0
9,85,7,9,0
5,95,9,5,0
8,85,6,7,0
7,59,5,4,1
3,67,7,9,0
3,52,4,7,1
2,64,8,0,0
8,47,8,6,1
8,44,4,2,0
6,63,5,5,0
5,68,5,3,1
8,58,5,3,1
7,42,7,5,1
9,48,4,3,0
2,63,6,4,0
5,62,7,4,0
9,94,7,5,1
2,60,8,2,0
7,42,6,8,1
7,60,7,2,0
4,63,9,3,0
2,40,4,2,1
9,45,7,9,0
1,53,6,1,1
1,69,8,5,0
4,49,4,8,0
4,50,6,3,0
1,46,7,2,0
1,77,6,6,1
6,99,8,7,1
8,94,5,8,1
2,76,6,9,0
7,77,5,2,0
8,85,6,9,1
1,67,7,7,1
8,71,9,4,0
1,53,8,6,1
1,60,5,2,0
6,93,8,0,1
6,42,8,1,0
6,40,6,5,0
4,61,5,3,0
8,87,8,6,0
4,62,8,1,0
7,60,9,3,1
1,68,9,7,0
4,86,4,5,0
3,70,8,1,1
1,61,6,7,1
4,75,8,9,1
5,70,5,3,1
3,43,4,0,1
9,74,9,9,0
7,62,8,0,1
2,90,9,9,1
4,82,8,8,0
4,93,4,9,0
7,76,8,2,1
4,94,8,6,0
4,96,6,1,1
3,66,4,4,1
6,74,4,6,0
4,83,7,8,0
1,62,5,6,0
5,87,8,0,1
5,99,7,5,0
2,57,6,0,1
9,81,9,5,1
1,88,6,1,1
1,44,8,8,0
6,61,6,1,1
2,88,4,6,1
1,71,4,4,0
7,65,7,4,0
1,92,6,7,1
3,58,5,8,0
3,88,4,4,1
2,45,5,2,0
7,64,8,7,0
8,98,6,7,0
6,45,9,8,0
5,51,7,6,1
1,74,7,0,1
6,82,7,5,0
8,81,9,4,1
3,95,4,4,1
7,88,7,5,1
3,87,6,8,0
2,52,8,1,1
9,48,5,4,1
3,64,7,1,0
6,49,8,9,1
8,87,4,9,1
4,62,4,6,1
4,56,5,9,1
3,94,4,6,0
1,52,6,3,1
1,96,5,6,1
4,58,7,1,1
3,89,4,1,1
9,44,5,7,0
7,92,8,1,0
7,65,6,7,1
2,63,6,9,1
7,46,9,8,0
5,84,9,5,1
1,99,7,5,0
9,57,4,1,0
5,98,8,7,1
6,41,6,0,1
3,89,9,7,0
6,48,8,2,0
3,40,8,2,0
2,70,6,9,0
6,88,4,1,1
6,79,5,2,0
8,52,6,1,0
4,87,7,5,1
2,81,6,1,0
4,84,6,9,1
5,41,5,0,0
1,72,5,7,1
4,71,6,5,1
3,55,4,8,0
2,69,5,4,0
7,53,9,5,1
9,57,6,0,0
4,63,4,8,0
9,90,8,6,0
6,82,4,6,0
4,69,5,1,1
4,52,9,5,0
2,42,8,5,0
9,40,4,0,0
9,80,5,7,1
7,89,9,0,1
5,44,9,6,0
4,61,6,6,0
7,61,8,6,0
8,78,6,8,0
2,98,9,8,0
2,46,7,9,1
9,55,7,3,0
6,61,5,3,0
2,98,8,8,0
3,47,6,9,1
5,75,5,8,1
4,96,6,9,1
4,94,8,1,1
6,40,6,2,1
8,43,7,5,0
2,86,7,7,1
2,81,4,9,0
8,75,8,7,1
6,98,6,2,1
6,48,7,4,0
8,67,5,4,1
8,92,7,7,1
7,61,8,3,0
8,91,8,9,0
7,62,7,9,1
5,74,5,7,0
3,86,7,6,1
4,78,4,6,0
9,88,9,6,0
1,76,9,7,1
4,89,6,7,0
7,93,8,6,1
4,52,7,0,1
7,42,7,3,0
1,44,4,9,1
1,63,7,8,1
1,51,8,0,0
3,71,4,0,0
1,72,7,1,1
3,97,9,0,0
8,61,4,2,1
2,66,6,3,1
3,51,9,2,1
6,58,7,8,1
7,41,5,6,1
8,99,5,8,0
5,91,8,1,1
2,57,5,9,0
9,54,8,6,1
7,71,8,6,0
5,55,9,1,1
7,90,8,8,0
1,68,4,4,0
6,60,4,3,1
1,90,4,6,0
1,54,4,8,0
5,70,4,4,0
3,69,7,8,0
4,47,6,0,0
6,82,9,3,1
5,46,6,3,0
3,84,9,3,0
3,67,4,1,0
5,68,7,1,1
1,48,9,1,1
4,93,6,5,1
4,71,4,2,1
2,57,9,6,0
3,50,8,4,0
1,44,9,1,0
4,41,4,9,0
5,52,8,9,0
1,73,9,1,1
5,88,4,8,0
2,64,6,9,0
4,54,8,9,0
1,51,6,6,1
3,71,4,5,1
9,90,7,3,0
1,54,4,8,1
4,99,4,9,0
5,92,5,2,0
7,79,5,4,0
2,68,7,2,1
1,44,5,7,1
7,45,7,2,1
9,73,7,0,0
3,90,9,5,0
7,69,5,7,1
8,98,6,7,0
5,43,6,0,0
4,95,9,6,0
8,69,7,7,1
1,54,9,6,0
2,95,7,5,1
8,65,4,4,0
4,98,6,6,0
9,57,5,3,0
6,83,4,7,1
2,96,5,7,0
8,69,9,5,0
9,84,9,3,0
3,45,8,9,0
1,98,9,1,0
7,87,5,4,1
4,81,4,6,0
1,88,8,5,1
9,71,9,5,1
1,78,5,9,1
1,93,7,7,0
8,74,7,7,0
2,52,5,4,0
4,45,6,6,0
8,96,6,4,1
5,65,6,9,1
3,82,8,6,1
9,53,7,9,0
2,52,8,8,1
5,62,6,9,0
4,63,5,9,1
4,83,5,7,0
3,54,4,6,0
8,45,4,6,1
7,49,7,7,0
9,58,7,3,1
4,70,8,4,1
7,46,8,0,1
2,54,4,1,1
3,83,6,3,0
8,79,8,5,0
2,99,8,1,1
5,69,7,8,1
7,72,6,9,1
4,53,8,1,1
5,62,7,0,1
9,84,9,9,0
7,43,7,2,0
3,69,7,8,1
1,71,5,6,1
2,90,7,0,1
5,88,7,3,0
5,56,5,8,1
7,58,4,1,1
8,97,8,1,0
7,78,4,1,0
5,65,8,4,0
5,97,5,6,1
9,68,4,8,1
6,73,7,9,1
2,97,9,6,0
8,57,9,3,0
1,92,9,7,1
2,76,9,8,1
5,66,8,6,1
8,53,8,0,1
3,75,4,5,0
6,60,4,8,0
6,85,8,8,0
6,95,5,6,0
2,73,6,6,1
3,79,6,9,0
8,95,7,3,1
9,44,4,4,1
3,70,7,1,1
5,94,8,8,0
5,40,6,9,1
6,74,6,6,0
4,64,7,2,1
4,97,5,5,1
1,91,6,1,0
5,99,6,0,1
9,82,9,5,0
9,71,5,2,0
1,83,7,2,0
6,96,5,7,0
1,83,7,5,0
2,51,5,1,1
6,86,9,5,0
4,44,6,9,1
9,41,8,1,1
3,79,6,0,0
4,86,8,9,0
6,66,5,9,1
9,58,6,2,0
9,57,8,6,0
3,49,4,0,1
3,83,4,5,0
7,84,7,0,0
9,51,9,3,0
6,95,6,7,1
1,57,6,6,1
2,87,6,9,0
3,94,7,9,0
3,53,6,2,0
4,94,5,9,0
8,55,8,3,0
3,98,9,0,0
5,72,5,0,1
6,57,9,0,1
1,58,7,1,1
9,83,7,5,0
9,58,6,2,1
4,42,7,0,1
6,61,7,2,1
9,68,7,7,1
9,57,5,4,1
5,76,4,8,0
3,97,4,1,1
6,68,9,9,0
7,52,6,9,1
8,72,4,2,1
7,67,9,9,0
3,90,9,9,1
2,63,7,5,1
4,53,8,3,0
7,97,9,5,0
9,78,6,0,1
4,62,7,1,0
4,77,7,1,0
7,60,4,0,0
4,85,7,1,1
6,68,8,7,1
7,83,9,7,0
4,74,9,0,0
7,57,4,3,1
1,90,4,6,0
7,43,9,0,0
4,90,7,3,0
5,54,5,1,1
9,64,7,5,0
5,48,8,6,1
7,47,8,8,0
6,98,5,1,0
7,50,7,2,1
3,54,8,4,0
5,42,6,3,1
9,84,5,3,1
7,57,8,6,1
8,70,4,0,0
9,56,4,9,0
7,65,4,1,0
2,52,9,8,1
8,90,7,5,0
5,86,7,9,1
7,85,6,7,0
3,61,6,3,1
8,68,8,8,0
9,53,5,1,0
5,91,9,5,1
1,83,7,0,0
8,56,7,6,0
6,83,4,4,0
4,65,5,8,0
9,43,7,4,0
3,43,6,6,1
3,57,7,4,1
6,98,6,0,1
9,45,7,4,1
6,63,9,6,1
2,96,7,8,1
6,84,6,6,0
5,92,7,8,1
7,43,4,3,1
5,68,9,6,0
2,88,6,6,1
2,51,7,7,0
1,84,5,0,1
8,95,6,3,1
7,89,4,5,1
7,96,6,1,1
4,98,8,4,1
2,55,4,0,0
2,56,5,8,0
4,81,7,0,0
2,51,6,9,0
8,59,4,7,1
3,60,8,4,1
7,49,7,3,1
8,75,5,2,1
5,63,8,0,1
2,98,9,6,0
8,86,4,0,0
8,93,9,0,0
3,56,7,6,1
8,40,7,3,0
1,74,8,0,1
7,46,9,0,1
7,45,7,5,1
4,97,4,3,0
8,84,5,8,0
3,80,7,6,0
1,75,8,2,1
4,80,9,0,0
8,61,8,9,0
9,71,8,4,1
9,63,7,0,1
6,44,7,4,0
9,61,9,9,0
2,49,6,5,0
2,78,7,4,0
4,64,9,1,0
1,73,8,7,0
6,80,4,7,1
8,65,8,3,0
7,82,4,3,1
7,78,6,8,1
6,53,9,2,0
7,64,9,1,1
1,75,6,0,0
6,69,9,5,0
1,56,8,1,0
7,75,5,1,1
5,97,8,0,0
5,49,4,5,1
9,46,7,3,0
4,42,4,3,0
3,99,7,3,1
4,87,9,5,1
8,75,7,6,0
3,90,5,9,0
3,47,4,5,1
6,71,9,3,1
3,54,7,6,1
9,56,5,9,1
7,74,5,2,1
7,51,6,8,1
3,60,8,1,1
8,63,4,8,1
9,61,5,6,1
8,49,9,6,1
8,74,8,1,1
2,90,8,1,0
7,98,6,1,0
9,75,4,1,1
8,57,8,5,1
3,64,5,3,0
6,50,6,1,1
5,60,4,0,1
2,97,7,9,1
9,91,4,9,0
4,80,8,9,1
6,90,9,7,1
1,45,6,0,0
1,69,8,6,1
2,65,6,1,0
2,83,4,3,1
4,54,7,0,1
5,55,7,0,1
6,95,8,7,0
3,97,7,1,0
9,51,6,9,1
4,46,4,5,1
4,98,4,3,1
2,86,5,9,0
7,68,4,9,1
3,72,6,5,0
4,99,6,6,0
9,78,6,0,1
3,97,9,0,1
2,97,7,6,0
3,99,7,8,1
4,80,5,5,0
5,42,5,1,1
8,43,7,0,1
9,63,8,2,0
6,78,7,3,1
6,41,8,8,0
6,47,8,4,1
4,51,5,7,0
1,44,8,7,0
7,61,6,8,1
5,89,8,0,0
4,62,8,4,0
7,80,8,4,0
3,80,7,4,1
9,43,6,6,1
5,75,8,5,0
9,43,6,5,0
5,42,5,5,1
7,42,7,9,0
3,80,5,9,0
4,40,9,3,0
4,61,9,0,0
9,43,8,6,1
3,57,8,1,0
9,88,6,2,1
3,76,5,9,1
7,61,4,7,1
5,60,8,0,0
9,98,4,8,1
9,95,5,9,1
2,94,6,8,1
5,83,4,3,0
6,79,7,2,0
2,97,5,9,1
9,97,9,7,0
6,90,4,7,1
5,54,8,6,0
5,80,5,3,0
3,55,4,7,1
4,53,5,0,0
1,97,4,1,1
6,59,9,0,0
2,61,7,6,1
4,49,4,0,1
6,62,4,8,1
7,98,8,5,0
3,97,4,2,1
7,58,5,5,0
3,94,5,6,0
5,75,4,1,0
6,43,8,6,0
9,88,7,6,1
6,46,7,3,1
9,53,9,7,0
2,88,8,5,1
1,55,6,2,0
2,43,7,8,1
9,63,4,5,0
6,44,5,1,1
1,64,5,9,0
1,88,6,8,0
7,67,8,0,0
1,60,5,2,0
8,58,5,3,1
3,48,7,1,0
5,87,4,3,1
6,63,7,4,0
3,67,5,6,1
1,81,5,2,0
2,65,7,2,0
6,69,4,5,0
1,89,4,7,0
7,43,8,6,1
1,75,8,0,1
4,51,8,9,1
2,91,8,8,1
2,97,8,6,1
5,80,7,1,1
4,49,5,0,0
8,84,7,7,0
5,59,6,2,1
5,65,4,4,0
2,48,5,6,1
8,72,7,8,1
7,65,5,0,1
5,54,5,9,0
8,70,8,3,0
5,83,6,7,0
5,70,6,3,0
3,66,7,8,0
1,85,8,5,1
4,95,9,8,0
1,96,8,7,0
3,89,5,4,1
8,88,5,8,1
7,92,9,9,0
6,77,8,9,1
5,84,5,9,1
9,69,8,4,1
3,79,6,1,0
7,97,9,9,0
2,52,4,4,0
7,86,9,8,0
1,61,9,3,1
9,60,9,3,1
4,98,4,1,1
3,99,9,9,0
9,70,8,2,1
7,94,7,0,0
1,96,6,9,0
8,81,9,3,1
8,57,4,7,1
5,68,5,9,0
6,53,9,2,1
6,90,4,7,1
9,92,9,6,0
4,80,9,0,0
2,42,6,8,1
3,96,8,7,0
7,58,9,2,1
4,83,7,7,1
2,65,4,0,1
7,45,4,4,0
3,84,7,6,1
1,41,4,3,0
4,81,8,1,0
8,47,6,2,1
6,97,8,6,1
2,52,6,1,0
4,68,7,3,0
7,43,9,6,0
1,47,9,2,0
6,57,9,3,0
2,92,6,8,1
8,46,6,3,1
7,93,6,8,0
1,80,4,0,0
7,48,6,1,1
5,78,8,2,1
6,57,4,8,1
8,69,4,5,1
1,87,9,9,1
4,84,6,4,1
3,88,4,1,0
1,83,7,2,0
9,84,8,7,0
5,89,8,6,1
3,98,6,5,0
9,47,7,1,1
9,74,7,6,1
1,99,9,9,0
2,49,7,4,0
2,95,4,1,0
3,92,5,0,0
3,51,7,8,1
4,41,7,4,0
8,91,9,8,0
2,83,7,6,0
9,57,5,4,1
1,68,4,3,0
3,76,7,0,0
3,53,6,8,1
3,88,9,0,0
5,52,4,9,0
6,51,7,0,1
7,45,8,4,0
3,60,6,8,0
3,71,9,8,1
2,46,7,1,0
2,92,6,1,1
6,57,6,7,1
1,94,9,9,1
1,77,7,5,0
4,45,9,1,0
2,85,8,4,1
2,84,5,6,0
8,92,7,2,0
4,65,4,4,0
8,90,6,8,1
1,97,5,8,1
1,76,4,2,1
9,86,9,0,1
5,54,6,2,1
5,54,8,8,1
6,47,8,4,1
3,67,7,4,1
4,53,6,9,0
2,60,6,5,0
5,98,6,1,0
8,56,5,4,0
2,92,6,6,0
3,86,9,0,1
1,85,9,6,0
7,88,6,0,1
3,46,7,4,0
3,59,6,7,1
3,92,8,3,1
2,73,7,0,0
2,75,4,6,0
9,66,6,0,0
2,41,4,6,1
7,90,6,1,1
8,48,4,0,1
6,46,8,0,1
7,84,4,3,0
7,91,6,6,0
6,76,6,4,0
6,43,6,8,1
1,93,8,0,1
8,67,9,9,0
8,97,5,1,1
5,97,7,5,0
5,66,5,6,0
8,88,5,9,1
7,66,9,5,0
8,53,5,1,0
3,78,8,2,0
1,74,8,4,1
6,92,7,9,0
6,92,4,0,1
9,78,7,7,1
3,49,7,4,0
2,43,5,1,0
5,42,6,2,0
5,71,9,6,0
7,84,6,9,0
9,54,7,9,0
2,98,8,0,0
9,56,7,8,1
1,76,9,7,0
5,61,8,1,0
6,58,8,7,1
1,55,4,0,1
9,78,7,1,0
6,87,6,4,1
8,53,6,3,1
8,83,6,4,1
7,45,7,0,1
3,46,7,8,1
5,80,9,3,0
6,82,6,7,0
2,90,9,0,0
6,40,8,0,1
2,90,4,9,1
4,90,8,9,1
5,75,6,7,1
1,99,9,5,1
5,99,9,0,0
7,44,7,1,0
5,87,9,2,1
5,59,8,9,1
4,45,8,5,0
3,54,7,4,0
7,43,5,2,0
6,72,4,2,1
1,96,8,2,0
6,67,8,0,0
9,89,9,9,1
6,53,4,4,1
5,90,9,9,0
6,65,5,1,1
9,70,8,4,0
1,87,8,2,1
4,94,4,7,1
1,80,9,0,0
1,58,4,0,0
6,70,7,7,1
4,95,5,6,1
9,69,9,7,0
5,57,9,4,1
1,63,8,3,1
5,79,4,4,1
2,93,5,6,1
3,80,9,1,1
8,88,4,5,1
6,55,4,6,0
6,55,8,6,0
1,50,6,8,1
4,41,8,1,0
2,52,4,5,1
4,62,9,6,0
6,56,7,8,0
5,83,7,6,0
1,79,9,6,0
6,68,5,7,0
6,96,6,6,0
4,44,8,7,1
9,76,5,2,1
9,64,6,1,0
5,69,9,2,0
4,88,5,0,1
9,91,8,8,1
1,86,4,9,0
2,91,4,1,1
3,67,5,6,0
1,51,8,9,0
9,63,4,9,1
6,77,6,4,0
9,56,9,8,1
2,92,9,9,0
1,62,9,9,0
8,87,4,9,1
1,62,4,4,0
6,71,7,9,0
6,74,8,3,1
7,49,6,5,1
3,52,5,7,1
8,79,6,5,0
1,42,7,1,0
6,70,7,3,1
5,85,4,5,0
7,97,9,9,0
1,71,9,8,0
1,57,5,9,0
5,63,6,5,0
2,94,9,5,0
1,46,6,6,0
6,76,4,6,1
1,75,5,3,0
3,79,4,3,1
1,47,9,2,0
9,58,9,0,1
8,90,4,1,1
9,69,8,2,0
5,54,8,6,1
4,46,8,2,1
7,42,8,3,0
9,42,5,4,0
1,40,8,8,1
1,49,4,4,1
5,67,4,5,0
4,84,9,2,1
6,61,5,9,1
9,78,8,9,0
8,90,5,8,1
7,84,7,0,0
9,77,4,8,1
7,87,7,0,1
5,55,7,7,0
9,85,9,6,1
6,43,7,3,1
4,48,4,8,1
7,87,7,8,1
9,64,9,7,0
7,72,4,3,0
4,64,8,1,1
2,53,9,8,0
8,90,5,3,1
1,62,5,0,1
8,91,8,4,0
9,50,9,9,1
8,68,5,1,0
7,91,8,6,1
8,73,8,4,1
5,66,6,4,0
7,87,9,2,0
4,69,9,4,0
9,47,9,6,1
1,95,8,8,0
8,56,4,5,0
8,80,4,5,1
9,54,9,0,1
4,48,7,7,0
7,46,9,6,0
7,50,7,4,0
4,44,4,8,0
2,79,4,5,1
6,61,7,0,1
8,46,9,6,0
4,85,7,9,0
4,44,6,7,1
4,53,5,6,1
6,40,8,1,1
3,42,8,9,0
8,77,4,3,1
5,59,5,9,0
8,42,6,8,1
4,99,6,0,1
5,97,4,2,0
8,82,5,8,0
7,67,7,8,1
9,68,6,0,0
3,81,5,7,1
4,72,8,7,1
3,68,5,7,0
9,65,9,8,0
5,72,8,1,1
2,59,5,9,1
8,46,9,5,0
1,73,5,6,0
5,47,9,4,0
1,61,4,1,1
9,54,4,7,1
8,44,5,4,0
3,62,9,0,1
8,45,4,6,0
9,43,7,7,0
4,71,4,9,1
2,80,9,5,0
8,92,6,0,0
4,42,4,9,0
6,98,5,1,0
6,93,9,6,1
2,76,4,1,1
1,67,4,7,1
2,60,4,3,0
9,57,9,6,0
2,59,4,0,1
3,75,7,4,0
2,72,4,2,0
6,52,8,4,1
7,88,8,9,0
6,58,8,8,1
2,76,5,6,1
1,72,5,9,0
5,90,5,1,0
7,97,7,2,1
9,78,9,1,0
8,51,4,0,1
9,74,6,8,1
3,77,4,8,0
1,86,8,0,1
2,63,5,8,1
9,93,9,4,1
7,59,9,1,0
7,56,8,4,0
2,45,4,4,0
2,85,9,5,1
6,62,5,0,1
5,47,4,7,0
6,79,6,9,0
7,69,7,1,0
8,42,6,7,1
2,46,9,1,0
5,98,4,0,0
8,49,9,7,0
1,92,8,0,0
8,95,5,2,0
7,61,7,4,0
5,58,4,5,1
4,98,7,9,1
5,98,5,8,1
8,59,9,0,0
8,91,4,3,0
3,51,5,4,0
2,96,5,5,0
1,66,8,7,0
8,47,7,1,0
7,99,5,4,0
5,56,9,6,1
3,81,8,9,1
6,90,5,2,1
4,40,4,2,1
4,63,5,9,1
1,50,7,0,0
7,57,7,8,1
2,59,5,1,1
6,91,5,3,1
3,55,7,1,0
4,82,8,9,1
3,52,4,9,1
6,58,9,9,1
9,85,5,0,1
3,63,8,8,0
7,74,5,7,1
7,93,6,4,1
3,45,9,9,0
5,83,8,9,1
1,77,6,4,0
7,54,6,7,0
9,56,4,1,0
8,58,4,3,1
9,78,9,3,0
6,99,7,4,1
5,63,5,6,0
9,74,8,2,1
7,92,5,8,0
4,44,8,9,0
5,41,5,7,0
1,86,9,9,0
5,58,8,2,0
6,98,7,7,0
2,53,4,7,0
1,42,8,9,0
7,86,6,0,0
7,40,6,0,0
1,51,7,7,0
7,60,7,6,1
9,41,5,7,1
5,92,6,5,1
5,91,6,3,0
5,69,7,6,0
1,53,8,0,0
7,57,6,6,1
8,93,6,2,1
5,58,8,8,0
5,90,8,0,0
9,42,8,9,1
7,98,8,2,0
1,90,8,5,1
1,57,4,6,0
8,67,4,0,0
5,91,5,5,1
6,60,5,2,1
4,56,6,6,0
3,48,9,8,0
6,97,5,9,1
1,50,9,7,1
7,76,7,7,1
1,45,9,6,0
4,65,9,7,0
1,62,4,2,1
5,79,7,3,1
8,62,9,9,0
3,87,9,5,0
7,78,4,6,0
8,97,5,1,0
1,81,5,6,1
4,60,7,3,0
9,87,8,5,1
2,92,7,7,0
3,63,4,6,0
2,70,9,5,0
7,91,9,9,0
6,43,5,5,0
9,90,5,9,0
9,57,8,3,0
3,58,8,1,0
2,63,4,3,0
2,70,9,5,1
2,46,4,6,1
2,65,4,1,0
5,63,9,8,1
9,63,7,9,0
7,68,6,9,0
1,66,6,1,1
6,44,4,0,1
6,42,6,0,0
3,67,4,8,0
9,95,5,1,0
6,93,6,4,0
2,41,8,3,1
9,82,8,7,0
7,82,8,8,1
4,88,4,8,0
1,41,6,5,0
2,94,5,0,1
1,80,7,0,1
8,93,4,9,0
6,57,8,4,0
7,40,6,4,1
7,70,7,9,0
1,77,4,4,0
3,52,6,9,1
5,77,5,6,0
8,42,8,0,1
6,73,8,2,1
2,87,4,6,1
4,93,4,4,0
6,48,7,8,0
5,64,7,3,0
5,57,5,2,1
9,99,8,8,1
5,60,8,8,0
3,66,5,7,1
6,85,4,0,1
6,59,6,0,1
6,49,4,0,1
4,62,4,6,1
6,82,6,0,0
2,91,4,7,1
7,71,9,3,0
6,81,7,3,0
7,87,8,2,1
1,77,4,1,1
6,52,7,5,1
3,48,5,1,0
2,66,7,3,1
2,83,6,2,1
1,89,9,9,1
6,58,9,0,1
8,94,7,8,1
4,81,6,4,0
7,47,8,0,0
9,64,4,8,1
3,64,4,7,1
2,60,9,4,1
3,70,8,8,1
6,79,4,2,1
2,95,9,4,0
3,88,9,8,0
3,68,7,2,0
7,44,4,7,1
5,99,7,5,0
1,46,8,7,0
1,57,7,2,0
2,59,8,3,0
5,86,8,2,1
7,95,8,3,0
7,63,6,5,0
2,94,8,0,0
2,83,9,2,1
4,55,4,4,0
5,46,7,8,1
3,95,5,4,1
1,80,4,8,0
8,90,8,9,0
8,78,8,1,0
7,95,4,4,0
3,76,5,7,0
4,90,6,3,0
6,43,7,4,1
7,51,4,4,1
7,41,6,5,0
4,84,9,1,0
1,72,7,0,0
5,74,6,0,0
8,58,7,4,1
1,50,7,4,0
7,71,6,1,1
1,91,8,1,0
2,94,8,9,1
1,83,4,6,1
8,81,7,2,0
6,93,5,9,1
7,91,4,3,0
3,55,9,0,0
1,78,9,9,0
1,49,8,5,1
9,56,8,2,1
8,49,9,5,1
8,44,8,9,0
3,72,9,4,1
1,87,9,1,0
9,78,6,5,1
4,72,9,2,1
2,45,9,2,0
9,43,8,3,1
6,70,8,5,0
4,90,5,9,0
3,70,4,2,1
2,58,6,1,1
1,50,8,6,0
7,80,9,5,1
4,62,8,7,1
8,67,9,4,0
1,96,4,2,1
5,75,8,7,0
4,75,5,0,0
3,97,4,2,1
5,65,5,4,0
8,56,9,5,0
6,97,7,8,1
4,43,5,1,0
5,77,4,5,1
5,81,8,0,0
1,96,7,9,1
7,47,6,1,0
1,65,4,5,0
9,47,9,1,1
9,46,9,9,0
6,45,6,2,1
3,63,8,6,0
8,61,9,1,0
5,55,7,9,0
7,51,8,5,1
7,86,5,4,1
8,59,6,7,1
2,85,5,7,1
9,82,5,5,1
6,71,5,0,0
6,67,5,0,1
6,43,9,3,1
9,67,4,6,0
4,63,9,9,0
6,77,9,3,1
8,54,9,6,1
3,52,7,4,0
7,59,6,6,1
2,45,6,0,1
6,41,4,7,1
1,47,8,5,0
9,95,7,2,1
3,81,9,3,1
8,59,8,7,0
8,57,7,1,0
7,89,9,4,0
9,79,6,8,1
3,66,6,7,1
5,53,6,4,1
2,55,9,4,0
9,57,5,7,1
2,53,4,2,0
8,95,7,8,0
9,99,8,6,1
8,75,8,2,1
9,99,8,7,0
3,51,5,7,0
3,65,6,3,1
7,93,5,4,1
7,74,9,6,0
3,61,8,6,1
1,90,5,0,0
2,63,5,3,1
4,43,8,2,0
6,91,7,3,1
9,78,4,3,0
4,91,6,0,0
2,47,6,3,1
8,93,9,6,1
2,67,8,4,0
7,91,5,1,0
2,91,9,2,0
8,47,6,2,0
8,69,4,4,1
3,98,9,6,0
3,61,6,7,0
9,79,7,4,0
3,91,6,2,0
3,77,5,4,0
9,76,5,9,0
1,60,5,3,1
7,61,4,7,1
3,46,4,1,0
5,93,4,9,0
6,79,7,9,1
1,61,7,7,1
4,64,9,4,1
7,56,9,7,1
8,94,5,7,1
2,88,6,9,1
9,57,8,9,0
7,92,6,4,0
8,93,4,6,0
1,70,9,6,0
8,79,6,0,1
6,93,7,2,0
6,72,4,9,1
9,89,7,6,0
1,95,8,3,0
7,85,5,3,1
9,60,4,6,0
1,62,6,0,0
1,87,8,5,0
7,50,7,4,1
3,65,8,0,0
9,44,9,9,0
1,56,6,4,1
6,89,4,0,0
1,42,8,4,1
2,61,5,3,1
3,70,4,2,1
1,87,8,2,0
3,90,6,7,0
3,98,9,1,1
4,96,6,1,0
8,79,6,2,0
5,83,4,4,1
7,72,7,3,1
1,77,6,9,1
7,44,6,6,0
8,49,9,0,0
1,94,8,6,1
2,51,6,1,0
4,42,9,4,1
9,87,8,9,1
1,53,9,5,1
1,50,4,1,1
6,95,5,9,0
1,89,9,7,0
3,70,4,1,0
7,94,9,0,1
8,54,5,4,1
6,73,9,9,0
4,85,5,9,1
8,73,7,4,1
2,63,6,7,1
1,93,6,7,0
3,77,6,0,0
3,53,6,5,0
8,81,5,2,0
8,87,9,1,1
1,41,8,0,1
4,72,5,5,1
3,47,9,2,0
2,73,4,8,1
9,53,5,1,0
6,40,4,0,1
9,66,9,5,0
6,58,7,0,1
7,57,9,9,1
2,65,8,4,0
4,90,5,9,0
6,71,7,7,1
5,93,8,5,0
1,85,4,4,1
6,76,8,1,1
4,40,6,2,0
7,84,4,8,1
3,48,7,3,1
9,94,9,5,0
4,85,6,8,1
5,63,7,9,1
6,93,4,7,0
7,71,5,5,0
7,55,4,7,0
4,89,5,0,1
4,84,8,1,1
2,73,5,6,1
8,69,9,1,0
4,53,7,4,1
1,72,8,1,1
2,65,5,1,1
4,40,8,7,0
2,63,5,0,1
2,81,8,7,0
7,89,4,7,0
7,54,5,8,0
9,53,6,7,0
2,56,4,5,0
7,41,6,8,1
2,42,4,6,0
4,94,6,6,1
2,95,5,5,0
8,88,7,2,0
2,51,9,5,0
9,49,8,9,1
9,95,6,9,1
4,54,4,8,0
6,99,9,4,0
8,78,7,6,1
5,76,8,2,1
7,62,7,2,0
9,43,8,8,1
2,44,4,8,1
4,43,8,5,0
3,82,4,1,0
9,82,7,3,0
2,88,9,8,0
1,56,8,2,0
7,57,9,3,0
2,59,5,6,0
7,94,7,6,0
5,77,7,4,0
3,62,7,6,0
2,88,7,8,0
3,97,5,7,0
2,72,8,3,1
9,43,9,8,1
7,79,5,4,0
5,50,6,0,0
6,92,4,2,0
6,84,6,9,1
2,49,4,8,0
2,70,7,3,1
7,94,6,6,1
9,58,9,0,1
1,60,8,2,1
1,86,8,9,0
6,96,4,9,0
4,64,5,5,1
9,77,7,0,0
9,45,5,9,0
9,98,6,6,0
5,54,8,5,0
1,51,8,1,1
1,40,6,5,1
6,98,4,5,0
2,74,6,6,0
8,92,7,5,0
3,90,7,7,1
2,95,9,7,0
6,72,4,2,1
5,79,9,1,1
5,51,7,3,1
3,94,7,0,1
3,83,5,5,0
3,42,5,5,1
2,88,9,8,0
6,57,4,7,0
5,96,7,7,0
5,43,7,3,0
5,57,8,7,1
6,74,8,1,1
4,66,4,8,1
2,98,7,0,1
6,59,4,5,1
6,47,8,4,1
6,47,4,2,0
5,64,4,3,1
2,82,9,4,1
9,83,8,2,1
6,65,8,7,0
4,59,8,5,0
4,56,5,8,1
1,55,4,0,0
4,93,9,7,0
9,95,5,8,0
3,77,6,1,1
4,58,7,2,1
2,81,4,5,0
9,72,5,6,0
3,87,4,4,1
9,78,6,7,1
9,99,6,8,0
5,51,4,2,1
5,44,5,3,1
2,79,8,8,0
9,52,9,8,0
8,76,4,3,0
4,76,6,8,1
2,57,4,5,1
1,69,4,8,0
2,55,6,5,1
4,77,4,5,0
1,85,7,9,1
8,49,8,0,1
7,98,5,7,1
7,46,5,0,0
7,43,4,4,0
1,89,5,5,1
1,62,5,5,0
4,77,7,8,0
3,61,7,4,1
5,53,8,4,1
9,83,5,7,1
7,79,5,0,0
3,99,5,1,0
4,50,5,1,0
2,86,7,7,0
5,50,9,7,1
9,59,6,7,0
1,79,7,4,0
2,63,7,8,0
9,55,9,1,1
1,72,4,1,1
1,50,6,8,1
6,75,7,0,1
7,47,5,3,1
2,79,8,9,0
1,53,6,2,1
8,88,7,4,0
6,96,9,0,0
5,75,9,3,0
9,69,4,2,0
7,82,6,3,0
4,77,8,0,1
8,66,5,6,0
6,57,7,0,0
2,45,7,3,0
6,83,6,7,1
1,93,6,8,1
8,45,4,7,0
2,69,8,5,0
4,92,9,0,0
9,41,8,6,0
9,87,6,4,0
9,89,7,9,0
5,44,7,8,0
2,63,6,9,1
7,53,5,9,0
6,60,7,3,0
7,92,5,9,1
2,52,9,0,0
2,71,8,4,1
3,82,8,3,1
6,41,9,8,0
1,42,5,6,1
5,92,6,6,0
7,66,4,4,0
2,55,8,2,0
4,82,4,2,0
1,53,5,7,0
5,49,7,7,1
3,67,7,8,0
3,96,7,6,1
9,67,5,9,0
5,72,8,7,1
9,55,7,3,0
5,87,5,3,0
1,65,6,3,0
7,52,5,0,1
6,81,4,7,1
9,43,5,1,1
1,68,5,8,1
3,82,6,8,0
1,88,4,9,1
5,50,9,7,0
7,84,7,9,0
1,70,6,8,1
2,71,5,5,0
5,87,9,7,0
9,62,9,5,0
1,48,8,5,1
4,43,7,2,1
6,45,8,2,0
6,86,4,4,1
1,58,6,7,1
4,88,9,0,0
7,65,5,8,0
2,72,5,8,1
8,41,9,3,0
3,44,4,4,0
9,43,4,7,0
9,69,5,9,1
1,41,8,0,1
2,95,4,9,1
8,47,6,7,0
6,93,6,9,0
6,63,9,9,0
1,89,9,2,1
8,56,7,5,0
1,53,6,3,0
1,49,9,3,0
9,89,7,9,1
1,46,7,2,1
6,72,8,5,1
3,42,5,9,1
5,48,9,3,0
5,54,4,6,1
1,75,9,8,0
6,66,7,7,1
6,83,8,5,1
8,50,9,4,1
6,59,9,5,0
7,61,5,0,0
1,76,7,3,0
2,60,4,7,1
5,89,7,1,1
7,83,5,9,1
5,71,5,2,0
6,53,4,5,1
9,77,5,0,1
1,55,5,3,1
3,95,5,1,0
1,77,9,5,1
6,77,6,4,1
1,52,8,7,0
8,61,8,9,0
2,61,8,7,0
3,52,4,7,0
5,96,6,8,1
3,52,9,5,1
1,84,7,3,1
9,92,6,3,0
2,55,4,1,1
2,82,9,2,0
5,44,9,1,1
2,40,6,8,1
3,45,7,4,1
1,69,5,3,1
1,58,8,9,0
3,62,5,6,0
9,66,8,0,1
8,74,5,5,0
5,70,8,0,1
9,44,9,1,0
4,96,7,8,1
6,77,9,3,1
1,49,5,6,0
1,89,7,8,0
6,59,6,5,1
5,99,4,9,0
3,88,9,7,1
6,60,6,4,1
4,62,9,9,1
5,63,5,2,0
9,65,5,7,1
2,78,8,4,1
6,73,6,1,1
1,85,7,8,1
9,72,7,1,0
7,72,6,6,0
3,87,8,5,0
1,81,6,1,1
8,40,6,4,0
1,99,9,3,1
9,87,7,6,1
3,65,7,0,0
4,49,6,4,0
6,98,8,5,0
8,78,9,5,1
2,74,5,2,0
8,78,4,7,0
8,44,6,5,0
2,79,7,8,0
6,93,7,0,0
5,76,4,5,1
1,62,5,2,0
2,96,6,1,1
8,67,4,3,0
5,97,8,2,0
8,40,6,0,1
4,51,6,7,1
4,90,4,8,1
6,84,4,7,1
2,58,4,7,1
1,62,5,0,0
3,59,7,6,1
6,83,6,3,1
1,84,9,9,0
7,68,6,9,0
4,67,7,3,0
9,47,6,2,1
1,40,6,0,0
5,40,4,5,0
1,71,5,0,1
5,92,4,9,1
1,87,5,0,0
6,59,8,2,0
8,49,5,7,1
2,95,4,2,0
9,77,6,1,0
9,90,7,9,1
2,58,6,9,0
3,73,5,0,1
6,99,9,4,1
1,70,6,3,0
1,77,8,0,0
4,69,8,5,0
8,87,7,0,1
1,52,6,3,1
5,65,8,5,0
4,65,5,2,0
7,84,4,4,1
3,71,6,8,0
6,66,6,8,1
1,61,6,8,0
7,90,5,6,1
5,84,4,7,1
3,58,9,0,1
8,48,7,7,1
8,74,5,6,1
8,73,4,9,0
8,49,5,2,1
4,59,6,8,1
7,77,7,5,1
9,70,8,7,1
2,68,7,4,1
6,68,6,5,0
6,84,9,2,1
8,94,7,4,0
9,87,7,9,0
1,99,7,3,0
1,42,6,0,1
2,91,4,3,1
5,74,7,9,1
8,47,7,1,0
1,82,7,3,0
4,80,9,6,0
7,79,5,9,1
4,50,6,9,1
1,72,4,1,1
2,60,9,4,1
6,46,6,6,1
9,92,7,9,1
7,64,9,0,0
1,81,6,7,1
8,94,5,6,0
1,98,5,2,0
1,80,9,9,0
5,68,6,5,0
3,48,7,4,1
6,89,8,4,0
3,94,7,5,1
1,48,4,0,0
5,97,8,6,0
7,67,9,7,1
4,89,7,8,0
2,91,5,3,1
2,60,6,5,1
5,66,4,2,0
9,53,4,9,1
8,83,8,8,0
7,55,5,3,0
5,68,4,2,0
8,71,4,0,1
9,98,7,7,1
2,84,7,8,1
1,48,7,3,1
7,62,4,0,0
5,79,9,5,0
1,70,9,9,0
3,53,8,1,1
4,85,9,4,0
7,71,5,0,1
1,89,6,9,0
3,87,4,9,1
8,96,6,6,0
9,48,5,2,0
5,52,8,8,1
4,85,7,4,1
3,46,4,2,1
1,51,9,5,1
1,85,4,1,0
5,89,5,9,0
5,42,7,4,1
6,68,5,7,1
4,81,5,2,1
4,96,7,3,0
6,78,7,0,0
2,85,6,3,0
9,83,6,5,1
8,77,5,2,1
2,63,6,0,0
1,61,4,2,0
4,82,6,4,1
9,43,5,4,0
5,70,8,3,1
7,75,8,0,1
8,99,7,9,1
9,76,8,2,0
4,53,4,8,1
4,69,7,2,1
9,63,4,4,1
7,44,8,9,0
4,57,4,3,0
3,88,6,0,0
1,59,4,8,0
8,85,6,6,0
6,53,8,5,1
5,57,5,4,0
6,56,8,0,1
7,62,9,0,0
3,75,6,9,0
4,46,7,4,0
1,92,9,9,0
3,87,8,5,1
3,58,5,5,0
4,81,4,7,0
3,63,4,9,0
6,78,5,3,1
8,46,8,7,1
5,89,7,4,0
4,55,7,6,1
1,80,7,9,1
7,45,9,1,1
3,41,7,7,0
2,54,5,8,0
2,81,8,5,1
5,96,7,0,0
1,89,7,1,0
5,61,9,4,1
2,80,4,5,1
7,40,7,2,0
3,40,8,2,1
6,71,4,1,0
1,80,4,0,0
5,77,7,1,0
7,81,4,5,1
9,53,5,5,0
6,76,7,8,1
3,51,6,3,1
6,94,5,1,1
7,56,6,5,1
2,79,8,5,0
6,51,6,4,0
1,61,7,9,1
2,68,7,9,1
6,63,4,3,0
8,87,4,0,0
7,95,6,6,1
1,82,6,6,1
6,91,9,0,0
6,96,5,9,1
6,54,8,5,1
4,90,8,3,1
6,86,4,4,1
4,83,4,9,0
5,98,9,5,0
4,44,6,0,1
2,70,4,1,1
7,89,9,5,1
4,89,4,4,0
1,44,8,6,0
7,82,8,4,1
7,61,5,4,1
8,46,8,9,0
8,68,5,1,0
2,90,5,9,0
9,76,4,3,0
5,62,8,8,0
5,58,5,2,1
1,96,8,6,0
7,48,4,1,0
6,90,8,9,0
1,71,5,9,1
2,53,4,2,0
4,91,9,7,0
3,48,9,7,1
2,56,4,0,0
4,65,7,3,1
9,90,8,2,0
5,85,9,8,0
6,78,9,7,0
9,80,9,0,1
4,51,9,8,1
8,81,6,8,0
4,46,5,0,0
9,92,4,5,1
4,52,4,6,0
6,89,7,0,1
1,89,7,2,1
1,97,8,3,0
7,96,6,3,1
7,54,5,9,0
8,80,9,7,1
3,45,7,4,0
9,61,6,0,0
7,67,5,8,0
6,94,8,8,0
1,73,9,9,1
3,41,5,8,0
3,62,7,2,0
7,67,9,1,0
9,60,6,3,1
2,73,5,3,1
7,92,8,3,0
7,62,7,2,1
2,60,4,6,1
1,97,6,4,1
1,94,7,3,1
5,94,5,1,1
1,62,7,3,1
7,51,6,7,1
1,51,6,1,0
2,56,6,0,0
1,71,8,6,0
9,91,7,1,0
4,44,5,6,0
1,65,4,3,1
9,69,7,3,1
9,62,7,3,0
1,88,9,1,1
2,90,9,0,1
2,96,9,6,0
5,50,8,7,0
5,66,7,2,0
3,86,9,0,0
3,57,4,5,0
7,69,8,8,1
8,96,6,2,1
4,98,6,7,1
4,84,6,2,0
9,41,5,5,1
8,50,7,4,1
5,48,6,5,1
5,60,7,0,0
3,49,4,7,0
2,53,6,8,1
1,89,6,5,1
3,85,7,8,1
9,63,8,9,0
5,88,9,0,0
1,58,6,3,1
8,83,9,3,0
1,55,9,3,0
8,97,6,3,0
5,61,7,4,1
2,51,9,9,0
8,61,6,0,1
8,90,7,7,1
8,48,8,2,0
4,40,9,7,0
7,53,7,0,0
4,77,6,5,1
4,66,9,9,1
2,65,6,4,1
5,88,7,1,0
6,71,5,7,0
5,56,7,8,0
6,59,9,3,1
3,50,5,8,0
4,48,9,3,1
1,94,8,3,0
8,70,4,6,0
4,57,6,1,0
3,41,4,7,0
6,74,7,6,1
7,76,5,8,0
4,76,4,7,1
6,60,6,6,0
4,55,5,5,1
8,97,5,7,1
3,63,9,9,1
8,77,7,5,1
2,75,9,5,0
2,91,8,2,0
7,73,9,3,0
4,47,5,3,0
3,42,5,6,1
4,77,8,8,1
8,56,5,9,0
7,78,7,0,1
8,77,7,6,0
1,86,6,1,1
1,92,4,8,1
6,81,9,5,0
2,79,6,2,1
4,40,6,7,1
4,93,8,3,0
5,40,8,6,1
6,41,4,9,1
6,79,8,3,0
3,78,5,5,1
8,48,9,8,1
3,41,7,7,0
3,63,4,2,0
7,51,7,8,1
5,44,9,9,0
5,73,4,3,0
3,71,6,5,0
6,65,5,4,1
1,77,6,5,0
8,85,7,8,0
6,47,8,8,1
7,73,8,1,0
2,98,8,5,1
9,66,6,9,0
4,74,8,6,1
5,77,6,5,0
9,96,9,6,1
4,56,8,8,1
5,56,7,5,1
3,49,4,4,0
4,75,6,9,1
2,72,6,9,1
1,94,5,1,1
3,92,4,2,0
7,64,9,3,1
1,70,7,9,0
2,95,4,6,0
1,93,7,8,1
8,45,4,8,0
8,95,8,1,0
4,91,8,9,1
3,53,6,7,1
7,65,6,7,0
4,79,6,4,1
6,59,9,7,0
8,74,7,4,0
2,85,8,8,1
8,53,5,1,0
1,59,6,0,1
5,88,6,2,1
1,78,9,7,0
7,89,5,1,0
2,40,5,9,1
3,94,6,3,0
6,89,8,4,0
5,81,4,8,1
9,60,9,7,1
6,78,9,2,1
2,81,8,5,1
9,51,7,5,0
2,44,8,0,0
2,59,6,2,0
6,77,4,1,0
6,59,8,5,0
7,68,8,3,0
7,87,4,7,1
4,99,9,0,1
6,64,7,8,1
1,51,6,8,1
6,68,5,5,0
9,69,5,6,0
7,94,6,3,1
2,51,9,5,0
9,75,8,7,0
2,70,9,3,0
4,77,6,7,1
3,44,6,2,0
6,46,7,8,0
2,60,6,5,1
4,69,4,0,0
1,90,7,6,1
3,45,7,3,0
7,77,5,9,0
6,63,6,6,0
5,75,7,5,0
1,79,6,5,1
3,68,6,7,0
3,89,6,9,0
9,79,4,1,0
4,63,5,1,1
9,55,7,8,1
6,82,4,1,1
9,52,9,0,0
4,92,7,8,0
1,45,7,1,0
9,61,4,7,1
5,99,8,3,1
5,85,5,4,1
8,71,9,3,0
4,73,4,8,0
8,61,6,0,0
3,63,9,0,1
2,84,6,4,0
5,45,6,0,0
3,87,8,9,0
6,60,5,2,0
6,62,4,3,0
3,64,4,1,0
7,59,4,0,0
4,79,6,9,1
2,77,5,7,0
1,97,8,7,1
5,82,9,8,1
6,60,6,3,0
3,46,7,7,0
3,73,5,5,0
3,43,5,5,1
8,71,5,8,1
3,80,8,7,0
5,52,4,6,1
8,97,7,8,1
1,75,8,7,0
9,61,4,5,0
7,43,4,3,1
7,99,7,0,0
9,85,8,8,1
7,91,9,1,1
3,98,7,2,0
9,62,6,7,0
2,54,5,9,0
2,93,8,5,0
1,65,6,7,0
3,56,9,6,0
4,59,8,4,0
9,84,5,0,1
5,82,8,3,0
8,43,8,5,1
7,65,8,3,0
1,68,7,8,0
2,50,8,2,1
3,98,4,0,1
9,90,7,5,1
7,40,8,0,0
5,50,5,5,0
3,79,9,6,1
2,54,4,4,0
5,73,9,3,1
7,84,8,6,1
4,86,7,3,0
3,92,7,9,1
2,87,7,1,1
7,79,8,4,0
2,74,7,0,1
1,56,4,6,1
5,80,6,0,0
8,80,9,5,0
5,90,5,5,0
6,63,7,9,0
5,53,9,2,0
5,75,5,1,0
3,94,4,4,1
2,98,5,3,0
1,64,7,4,1
8,87,4,7,1
9,54,9,3,0
3,54,5,0,1
1,54,5,6,1
8,84,6,9,1
2,59,9,6,0
1,79,7,7,1
1,52,6,6,1
9,82,5,1,1
7,64,8,0,1
7,69,7,6,0
7,77,7,6,0
4,97,8,4,0
1,85,8,7,1
4,64,9,6,0
6,50,5,8,1
5,77,4,2,0
6,92,5,3,1
9,99,5,4,1
1,85,8,7,0
3,51,7,6,1
3,54,6,3,1
1,56,4,5,0
2,88,5,1,0
5,87,5,1,1
5,87,6,3,1
2,78,9,3,0
5,98,5,3,1
5,49,5,3,1
6,90,7,0,0
4,47,8,6,0
4,58,4,8,0
3,49,7,0,1
9,88,8,2,0
2,61,9,9,1
6,67,6,7,0
6,98,9,1,1
8,94,5,9,0
2,46,8,6,1
9,50,6,5,0
5,87,6,7,1
6,65,8,9,0
6,94,4,6,0
4,54,5,2,0
2,67,4,1,1
6,55,6,8,0
3,73,5,9,1
1,47,4,0,0
4,84,8,8,0
1,73,6,0,0
7,89,9,2,1
4,66,6,9,0
3,55,9,0,0
3,84,6,4,0
9,44,5,8,0
1,80,6,3,0
9,67,4,9,0
7,62,9,2,1
8,70,5,2,0
8,75,5,2,1
6,65,5,0,0
3,96,7,5,1
8,49,5,6,1
3,78,9,6,0
2,47,8,1,1
9,90,6,0,1
9,89,7,2,1
6,45,7,8,1
7,46,6,1,1
6,86,6,1,1
5,44,7,5,1
2,61,5,1,0
2,84,6,5,1
3,84,6,6,0
6,76,8,0,1
3,76,9,8,1
7,94,5,5,0
3,86,4,8,1
5,89,5,7,0
5,95,6,7,0
3,45,8,2,0
1,83,4,5,0
1,68,6,7,0
8,40,8,7,0
2,55,9,1,0
8,94,9,4,0
3,96,9,2,0
1,68,7,9,0
5,42,4,2,0
4,53,6,3,1
1,89,6,8,0
7,71,8,2,0
4,48,4,6,0
8,54,4,4,0
9,48,5,3,0
2,64,4,0,0
7,79,4,1,0
9,72,6,5,0
5,46,5,1,1
5,63,8,8,0
7,73,4,2,1
7,43,7,9,0
5,67,5,0,1
2,66,4,5,0
4,99,5,3,0
9,59,9,1,0
4,94,5,1,0
1,57,6,2,1
9,99,7,5,1
5,54,4,8,1
6,71,8,7,1
5,52,9,0,1
3,50,7,8,0
4,87,5,2,0
9,47,9,1,1
4,61,8,3,1
7,55,4,4,0
1,63,5,6,1
4,89,7,4,0
9,58,8,9,1
8,98,7,9,0
6,54,9,5,1
5,40,7,5,1
4,97,7,7,0
1,69,8,9,0
9,83,6,3,1
6,99,4,7,0
7,53,4,3,0
1,60,8,3,1
1,48,9,3,1
5,91,7,7,1
3,85,9,2,0
3,93,7,7,0
9,90,9,1,0
9,54,4,0,1
7,54,8,6,1
4,73,7,1,0
2,90,5,9,0
3,48,5,0,0
6,62,8,4,1
3,50,8,4,1
7,92,8,1,1
5,74,5,3,0
6,54,4,7,0
8,52,4,1,0
9,41,6,9,0
9,96,5,5,1
7,64,6,3,0
7,48,4,2,0
5,58,7,4,0
2,97,5,5,1
4,95,5,6,0
5,79,6,1,1
2,43,7,3,0
3,61,5,2,1
2,49,6,4,0
6,91,4,3,1
7,70,9,6,1
7,84,7,6,1
1,44,6,3,0
1,87,5,2,1
6,41,7,8,1
7,83,6,1,0
6,95,4,5,0
7,88,5,6,1
3,87,6,3,0
6,44,9,8,0
5,72,9,0,0
2,53,7,4,1
9,50,7,6,0
7,49,4,5,1
5,64,5,4,0
4,62,4,3,0
9,54,9,7,0
3,60,7,7,0
9,57,8,6,0
2,59,9,8,1
8,77,4,2,0
5,77,8,0,1
6,56,5,7,0
1,71,5,1,0
8,73,6,4,1
3,85,4,6,0
7,79,4,4,0
6,70,7,7,0
4,69,4,6,0
1,93,5,8,1
2,93,5,3,0
6,58,9,2,1
1,86,6,9,0
4,43,4,2,0
9,87,7,3,0
9,77,9,6,1
2,64,6,9,1
7,75,8,3,0
2,94,7,3,0
5,78,4,9,1
9,74,4,6,0
7,65,7,0,0
7,56,7,5,1
3,65,8,7,1
7,91,5,7,0
3,84,4,6,1
9,77,9,7,1
7,84,4,7,1
3,40,7,6,0
2,51,6,5,0
5,98,6,2,1
5,45,7,4,1
8,79,8,5,0
4,98,7,7,0
9,98,9,8,1
7,58,8,6,1
5,43,7,9,1
9,73,6,1,0
8,67,5,1,1
8,59,4,2,1
3,63,9,3,1
2,60,8,5,0
7,79,6,8,1
1,46,5,0,1
5,45,4,0,1
4,50,4,0,0
3,80,6,9,0
3,73,5,0,0
9,96,9,1,1
7,43,7,6,0
9,54,9,1,0
3,69,9,8,0
1,50,7,3,1
1,80,9,4,1
9,62,5,9,1
7,97,8,4,0
2,92,7,4,1
1,59,7,0,0
1,85,8,8,0
7,59,8,9,0
3,63,6,8,1
4,85,9,1,0
4,58,9,9,1
8,86,5,8,1
2,59,6,4,1
5,90,8,5,1
3,97,7,1,0
5,50,9,6,0
2,60,4,0,0
5,42,7,2,0
9,50,7,8,0
5,67,9,7,1
7,65,4,3,0
4,78,5,4,0
4,44,8,1,1
2,96,6,3,1
7,40,7,9,1
4,96,8,1,1
2,84,5,3,1
2,66,6,3,1
4,89,4,0,0
6,97,9,7,1
9,75,6,9,1
3,41,9,4,1
6,70,9,1,0
8,72,4,6,0
8,61,6,6,1
2,88,4,8,1
9,78,6,7,1
9,44,8,9,1
6,63,8,8,0
7,65,4,8,1
6,72,6,5,0
6,43,4,5,0
4,49,9,8,0
9,46,5,9,0
8,73,5,2,1
1,62,9,5,1
7,90,7,2,1
6,93,7,0,1
9,58,6,4,0
7,64,7,0,1
1,56,8,5,1
3,49,4,1,0
3,58,7,1,1
2,50,7,5,1
1,41,8,4,0
3,80,7,7,0
4,77,5,9,0
7,47,9,9,1
8,78,6,4,0
1,68,6,8,0
6,83,8,0,1
3,56,6,3,0
9,55,5,4,1
5,77,4,0,0
3,63,5,2,1
4,56,6,1,1
2,77,4,5,0
7,99,8,3,0
5,95,8,2,1
2,89,5,5,1
5,97,5,0,0
5,69,5,4,0
6,57,8,8,0
2,62,4,5,0
3,81,6,2,0
6,56,7,6,0
4,45,4,9,0
3,48,8,3,0
5,98,7,9,1
9,51,6,7,0
9,54,4,5,0
9,71,5,7,0
4,53,8,4,0
9,80,6,8,0
7,43,9,2,1
4,93,4,0,1
7,85,9,4,1
4,89,8,6,1
6,66,8,8,0
9,70,7,4,0
4,78,9,5,0
6,54,5,8,0
4,49,4,6,0
8,73,4,6,0
8,93,4,4,1
8,71,5,7,0
4,97,9,9,0
2,75,7,6,1
1,76,7,1,1
1,83,7,3,0
2,77,8,5,1
6,95,5,6,0
8,87,6,7,0
1,87,8,3,1
2,70,6,8,0
4,59,6,7,1
9,86,6,6,0
8,44,9,2,1
7,50,6,5,1
8,62,5,6,0
2,99,7,6,1
4,53,8,2,0
8,71,5,9,1
7,46,9,8,1
1,55,7,4,1
1,91,5,6,1
3,53,4,3,1
8,79,8,7,1
3,65,8,3,0
1,75,8,8,0
1,83,9,3,1
8,51,8,4,0
2,64,4,2,1
4,80,7,8,1
3,98,8,3,1
4,44,9,1,1
7,84,9,9,1
9,43,4,6,0
7,98,9,9,0
7,54,7,3,1
8,59,6,3,1
6,54,6,6,1
3,47,6,9,1
1,48,7,2,0
2,43,9,0,0
1,43,9,1,1
8,63,5,1,1
8,90,6,7,0
3,78,9,3,0
9,79,8,4,0
6,90,6,3,0
2,40,7,8,0
9,97,8,1,1
6,84,7,4,1
7,86,4,1,0
5,44,5,5,0
8,97,5,2,1
1,99,9,3,1
5,47,8,1,0
4,55,5,8,1
8,40,9,3,1
3,46,8,4,1
5,79,7,0,0
8,42,8,2,0
7,87,7,9,1
5,95,7,2,1
9,40,8,2,0
8,73,4,6,1
1,44,7,6,1
7,49,7,6,0
8,66,6,1,0
6,75,4,6,0
1,79,9,4,1
9,56,7,4,1
9,54,5,3,1
5,79,4,6,1
7,54,5,6,0
5,47,7,9,1
2,84,8,0,0
7,90,8,9,1
9,68,7,2,1
3,72,9,7,1
8,53,7,4,1
2,57,6,0,0
7,87,9,4,0
3,87,5,8,0
4,60,8,7,1
1,52,9,0,0
9,56,8,5,0
4,75,5,2,0
6,54,8,8,1
8,84,7,2,0
9,52,5,1,1
6,96,5,6,1
7,54,8,3,0
4,48,4,7,0
3,71,5,1,0
6,53,7,8,1
8,56,7,8,0
3,84,7,9,1
3,41,9,1,0
2,64,6,5,0
7,41,8,3,1
4,67,7,8,0
7,64,6,8,1
9,71,9,5,1
2,99,7,6,0
8,51,8,1,0
3,88,4,4,0
9,98,8,1,1
9,73,9,4,1
9,58,9,0,0
5,44,6,5,0
5,41,4,8,0
3,65,5,9,1
1,80,4,6,1
4,88,4,6,1
4,68,6,2,1
6,56,7,3,0
2,57,6,1,0
7,44,4,8,1
6,58,4,6,1
4,73,7,9,0
4,77,8,6,1
7,87,9,1,1
9,43,8,3,1
1,41,5,9,0
1,74,4,0,0
4,71,9,7,0
9,52,9,6,1
5,44,7,5,1
1,55,5,2,0
3,48,4,8,1
5,87,8,8,0
6,44,6,7,0
6,42,4,9,0
9,64,4,5,0
4,43,7,9,0
9,53,5,1,0
6,62,8,0,1
8,74,9,7,0
5,49,8,1,1
6,90,4,7,1
4,92,7,9,1
2,68,5,3,1
2,80,5,1,1
6,91,5,0,1
2,92,8,2,0
8,56,6,5,0
3,72,7,2,0
7,70,4,3,1
1,41,5,0,0
8,54,8,9,0
3,69,6,7,1
2,90,6,0,0
1,41,5,5,1
5,73,8,6,0
7,50,8,1,0
5,81,5,1,1
2,70,6,3,1
1,76,9,7,0
1,91,4,2,0
8,70,9,3,0
9,66,5,6,0
1,92,6,7,1
3,95,4,7,0
2,94,4,5,0
9,56,7,9,1
2,51,9,6,1
5,62,6,2,1
4,87,5,9,0
3,95,4,2,1
6,85,8,4,0
6,95,6,9,0
5,99,7,4,1
4,86,8,9,0
1,86,6,6,0
8,75,9,8,0
3,89,9,1,1
1,84,4,9,0
1,91,6,2,0
7,78,4,6,1
4,63,6,2,1
7,98,7,1,1
8,78,8,3,1
6,54,4,1,1
8,76,5,4,1
7,70,7,1,1
6,44,7,3,1
6,80,7,4,0
8,63,9,2,1
1,84,7,7,0
1,67,6,8,0
6,64,6,3,0
4,99,4,9,0
4,92,4,8,0
3,93,4,1,1
5,78,5,9,0
7,91,6,3,1
9,88,8,8,0
1,83,8,7,0
7,75,8,5,0
8,51,5,6,0
6,82,5,6,1
9,72,9,0,0
4,66,6,9,1
5,49,9,9,0
2,52,8,1,1
9,62,8,7,0
4,59,5,6,0
2,45,9,0,0
8,68,5,6,0
5,79,7,3,1
6,87,7,0,1
7,92,4,2,0
4,78,7,7,0
5,90,4,8,0
7,79,9,8,1
5,95,8,8,0
2,47,6,8,0
2,97,5,9,1
4,79,4,7,0
4,96,4,5,0
5,69,6,3,1
2,93,4,2,1
6,55,6,4,1
6,88,8,3,1
7,97,9,8,1
8,57,5,4,0
2,80,9,2,0
2,50,6,2,0
9,77,9,0,0
6,81,4,7,0
3,63,9,8,1
3,52,7,4,0
8,82,5,1,0
1,65,7,4,0
6,63,9,8,0
1,42,5,8,1
8,77,8,5,0
6,58,9,2,1
1,40,6,3,0
4,41,5,7,1
5,58,4,8,0
4,98,5,2,1
7,84,6,0,0
1,93,4,8,1
7,72,4,1,1
2,91,4,7,0
8,75,8,9,0
5,42,8,9,1
6,99,6,4,1
5,60,7,8,0
1,87,9,8,1
5,82,7,4,1
7,41,7,5,0
2,57,6,2,0
1,71,6,6,0
1,59,8,4,0
6,88,5,8,0
8,51,5,1,0
1,89,6,0,1
1,88,6,8,0
6,96,4,7,1
3,65,7,8,0
6,75,6,4,0
3,55,8,5,1
7,66,8,7,1
9,62,4,9,1
2,70,6,4,0
8,57,8,2,0
5,50,5,2,1
3,92,5,2,1
7,86,8,2,1
3,61,9,6,1
2,77,7,9,0
3,88,8,6,0
5,88,5,8,0
3,83,4,4,1
4,96,5,5,0
3,52,5,3,1
8,84,5,0,0
5,96,8,5,0
2,84,8,6,1
7,53,4,2,0
4,49,8,4,0
5,53,6,3,1
7,68,8,2,0
7,82,9,0,1
8,47,5,4,0
1,89,5,2,1
8,61,9,3,1
5,50,4,8,0
5,45,6,5,1
9,57,8,7,1
8,99,5,0,1
3,87,8,0,0
2,49,6,7,1
4,45,6,6,1
6,52,7,0,0
7,54,9,4,0
3,63,6,5,1
6,80,7,0,1
3,86,5,1,1
3,78,4,2,1
6,87,5,3,1
5,81,4,1,0
3,43,8,0,0
8,49,7,1,0
8,81,4,1,0
3,93,4,3,1
9,93,9,6,1
3,41,9,6,0
9,59,8,1,0
5,47,4,5,1
6,89,6,5,1
2,94,6,0,0
8,88,8,2,0
8,85,6,9,0
3,55,5,4,1
8,75,5,4,1
5,56,9,5,0
7,49,5,4,0
6,58,9,3,1
9,89,6,5,1
1,65,7,5,0
3,89,5,9,0
3,40,5,0,0
5,53,8,2,0
7,88,8,0,1
5,67,9,7,0
7,82,5,9,0
6,89,8,8,1
5,82,7,8,1
6,46,5,3,0
5,77,7,5,0
2,51,4,3,1
5,68,8,9,1
8,50,6,1,1
7,93,7,8,1
4,88,7,4,1
2,66,8,2,1
6,73,7,0,1
7,52,7,0,1
1,62,8,0,0
5,59,5,3,1
5,77,5,8,1
2,71,6,4,0
4,79,9,7,1
7,63,8,7,0
8,89,9,8,1
3,73,8,1,0
1,48,7,6,1
4,89,8,1,1
2,43,7,7,1
5,76,9,3,0
9,97,4,0,1
8,90,6,3,1
6,95,4,0,0
5,94,8,4,1
7,59,9,6,0
7,70,5,9,0
4,86,6,8,1
5,85,6,1,1
8,63,5,9,1
4,68,4,4,0
9,50,7,8,0
3,89,4,2,1
3,97,4,5,0
7,89,7,6,0
1,65,7,7,0
2,90,4,2,0
5,96,5,7,1
7,89,4,9,0
2,68,8,4,1
7,93,7,7,1
8,83,4,2,1
2,57,4,3,0
8,98,6,6,1
8,45,7,5,1
2,71,4,2,1
9,52,5,9,0
6,97,5,4,0
6,55,9,7,0
2,68,9,6,1
8,96,8,5,1
2,81,8,4,0
9,89,9,3,1
4,96,7,9,0
7,40,9,3,0
3,51,6,5,0
2,46,7,7,1
6,89,9,9,0
1,40,7,4,0
3,42,6,2,1
3,60,6,1,1
1,63,9,6,0
7,40,4,8,1
6,76,9,6,1
4,52,8,2,0
2,48,5,5,1
6,56,4,6,0
6,64,5,5,0
5,55,4,8,1
1,52,8,4,1
8,41,9,1,1
8,79,6,4,0
7,53,6,0,0
7,67,9,2,1
1,85,4,6,0
9,87,8,0,1
9,47,8,9,0
6,78,8,4,0
5,63,5,5,0
8,93,5,1,1
6,73,7,4,0
7,89,6,7,0
9,57,8,1,1
7,42,6,7,0
3,92,9,5,0
8,76,9,3,0
4,90,6,5,1
4,43,7,6,0
7,42,9,8,1
2,75,6,0,0
6,66,5,5,1
6,97,8,7,0
1,89,7,5,1
6,79,6,9,0
8,75,7,4,0
8,84,4,6,0
2,69,8,3,0
3,93,9,7,1
9,63,8,1,1
8,41,5,5,0
4,55,9,5,0
9,43,5,9,0
4,95,4,7,1
4,44,6,4,0
8,91,4,6,1
5,76,8,7,0
6,91,9,1,1
3,78,7,3,0
7,66,9,7,0
4,48,5,0,1
3,88,5,0,1
1,84,9,7,1
9,85,4,0,0
2,89,6,9,0
3,74,9,5,0
2,76,4,9,0
4,41,6,5,0
8,92,9,0,0
7,71,7,8,0
1,47,8,9,1
5,59,7,3,0
4,77,6,5,1
7,53,7,3,0
7,87,8,8,1
6,56,9,7,0
4,55,7,6,1
4,52,6,0,1
7,66,7,6,0
2,81,9,4,0
9,78,4,1,1
1,63,9,9,0
2,54,7,6,1
2,98,9,3,1
3,40,9,9,1
2,46,4,0,0
7,41,9,7,0
1,49,5,7,1
7,49,8,9,1
6,54,5,2,1
5,85,7,5,1
4,61,6,4,0
8,77,6,7,0
4,87,8,7,0
3,62,8,1,0
4,68,9,4,0
6,76,7,9,0
3,77,6,7,1
8,99,8,8,1
7,53,4,8,1
2,78,8,4,0
3,91,5,1,0
9,40,9,5,1
2,64,6,5,1
5,66,4,7,1
7,40,7,6,0
1,51,8,7,0
7,72,8,6,1
8,92,5,5,1
5,95,6,0,1
6,78,9,6,0
6,73,8,5,1
5,58,9,7,0
2,66,5,0,1
1,67,4,5,0
8,91,4,1,1
5,91,6,8,0
4,47,8,8,1
1,81,7,0,0
1,79,7,3,1
5,84,7,1,1
9,43,6,5,0
9,96,7,0,0
8,66,5,2,0
5,45,5,8,0
6,98,4,0,0
6,92,9,0,1
9,63,4,2,1
4,56,8,9,0
8,68,9,6,0
6,59,5,9,0
7,47,4,4,0
8,66,8,9,0
3,47,7,6,1
4,71,4,6,1
1,88,4,5,1
6,45,7,9,0
2,99,6,1,0
4,48,9,4,0
6,74,8,7,1
6,45,8,3,1
7,47,8,0,0
5,80,8,5,1
5,86,6,7,1
7,92,8,0,1
1,88,7,2,0
4,58,5,4,1
5,92,8,8,1
3,74,5,1,1
6,56,5,9,0
3,87,8,3,1
7,64,9,0,1
2,50,6,7,1
2,42,9,1,1
1,93,6,2,0
3,51,4,0,0
6,69,5,4,0
1,57,4,7,0
1,48,5,4,1
7,82,6,0,0
3,65,4,4,0
3,92,7,9,0
5,49,7,4,0
8,98,4,9,0
6,46,8,9,0
5,65,9,9,1
7,95,4,7,1
4,96,6,0,0
4,72,5,7,1
2,43,4,7,0
5,51,7,5,0
2,60,8,9,0
7,72,4,6,1
5,60,6,9,1
5,78,6,6,1
2,72,8,4,1
7,48,6,3,1
3,82,6,0,1
1,60,9,6,1
7,65,7,7,0
1,66,8,2,0
9,74,8,6,0
5,90,8,3,1
3,51,4,4,0
8,50,6,6,1
4,68,9,3,0
9,48,7,6,0
1,47,9,0,0
2,46,6,6,0
